run_ts,market,timeframe,rsi_period,lower,upper,strategy,total_trades,total_pnl_pct,avg_pnl_pct,win_rate_pct,max_drawdown_pct,regime,volatility,trend_slope,bars,start_time,end_time
2025-10-31T13:28:03.872549,BNBUSDT1,5m,7,30,,Mean Reversion,22,3.349244883,0.152238404,72.72727273,-3.486517831,trending,0.002980356,0.00053545,999,2025-10-21T00:45:00,2025-10-31T10:15:00
2025-10-31T13:28:03.921418,BNBUSDT1,5m,7,25,,Mean Reversion,13,2.036526562,0.156655889,61.53846154,-2.858392641,trending,0.002980356,0.00053545,999,2025-10-21T00:45:00,2025-10-31T10:15:00
2025-10-31T13:28:03.966301,BNBUSDT1,5m,7,20,,Mean Reversion,11,5.25375259,0.477613872,72.72727273,-2.618298837,trending,0.002980356,0.00053545,999,2025-10-21T00:45:00,2025-10-31T10:15:00
2025-10-31T13:28:05.010107,BNBUSDT,1h,14,20,,Mean Reversion,1,6.174945611,6.174945611,100,0,trending,0.006807465,-0.00067638,999,2025-09-19T20:00:00,2025-10-31T10:00:00
2025-10-31T13:28:05.030052,BNBUSDT,1h,14,15,,Mean Reversion,0,0,0,0,0,trending,0.006807465,-0.00067638,999,2025-09-19T20:00:00,2025-10-31T10:00:00
2025-10-31T13:28:05.046009,BNBUSDT,1h,14,,70,Overbought Reversal,8,-20.00707598,-2.500884497,37.5,-17.52456563,trending,0.006807465,-0.00067638,999,2025-09-19T20:00:00,2025-10-31T10:00:00
2025-10-31T13:28:05.064960,BNBUSDT,1h,14,,75,Overbought Reversal,6,-13.77161945,-2.295269909,33.33333333,-14.18398925,trending,0.006807465,-0.00067638,999,2025-09-19T20:00:00,2025-10-31T10:00:00
2025-10-31T13:28:06.364666,BNBUSDT,1m,21,,70,Overbought Reversal,4,-0.182329392,-0.045582348,50,-1.075491177,ranging,0.000790503,-9.46E-05,999,2025-10-30T17:49:00,2025-10-31T10:27:00
2025-10-31T13:28:06.390596,BNBUSDT,1m,21,,75,Overbought Reversal,2,-0.736521614,-0.368260807,0,-0.524525222,ranging,0.000790503,-9.46E-05,999,2025-10-30T17:49:00,2025-10-31T10:27:00
2025-10-31T13:28:06.410543,BNBUSDT,1m,21,,80,Overbought Reversal,0,0,0,0,0,ranging,0.000790503,-9.46E-05,999,2025-10-30T17:49:00,2025-10-31T10:27:00
2025-10-31T13:28:06.433481,BNBUSDT,1m,21,,85,Overbought Reversal,0,0,0,0,0,ranging,0.000790503,-9.46E-05,999,2025-10-30T17:49:00,2025-10-31T10:27:00
2025-10-31T13:28:06.491325,BNBUSDT,1m,21,,,Trend-follow RSI,44,-0.653339423,-0.014848623,18.18181818,-1.57935671,ranging,0.000790503,-9.46E-05,999,2025-10-30T17:49:00,2025-10-31T10:27:00
2025-10-31T13:28:06.542719,BNBUSDT,4h,7,30,,Mean Reversion,20,26.3329997,1.316649985,75,-3.718485769,volatile,0.012107357,-0.000427772,999,2025-05-18T00:00:00,2025-10-31T08:00:00
2025-10-31T13:28:06.572644,BNBUSDT,4h,7,25,,Mean Reversion,11,23.66050064,2.150954603,72.72727273,-2.528438469,volatile,0.012107357,-0.000427772,999,2025-05-18T00:00:00,2025-10-31T08:00:00
2025-10-31T13:28:08.094047,BNBUSDT,5m,21,20,,Mean Reversion,2,1.020757792,0.510378896,100,0,ranging,0.001813268,-8.81E-05,999,2025-10-27T23:15:00,2025-10-31T10:25:00
2025-10-31T13:28:08.148007,BNBUSDT,5m,21,15,,Mean Reversion,1,0.43980645,0.43980645,100,0,ranging,0.001813268,-8.81E-05,999,2025-10-27T23:15:00,2025-10-31T10:25:00
2025-10-31T13:28:08.189547,BNBUSDT,5m,21,,70,Overbought Reversal,3,1.427791605,0.475930535,66.66666667,-0.101324521,ranging,0.001813268,-8.81E-05,999,2025-10-27T23:15:00,2025-10-31T10:25:00
2025-10-31T13:28:08.221527,BNBUSDT,5m,21,,75,Overbought Reversal,0,0,0,0,0,ranging,0.001813268,-8.81E-05,999,2025-10-27T23:15:00,2025-10-31T10:25:00
2025-10-31T13:28:08.248900,BNBUSDT,5m,21,,80,Overbought Reversal,0,0,0,0,0,ranging,0.001813268,-8.81E-05,999,2025-10-27T23:15:00,2025-10-31T10:25:00
2025-10-31T13:28:08.275746,BNBUSDT,5m,21,,85,Overbought Reversal,0,0,0,0,0,ranging,0.001813268,-8.81E-05,999,2025-10-27T23:15:00,2025-10-31T10:25:00
2025-10-31T13:28:08.329987,BNBUSDT,5m,21,,,Trend-follow RSI,48,-4.78202621,-0.099625546,16.66666667,-6.315361625,ranging,0.001813268,-8.81E-05,999,2025-10-27T23:15:00,2025-10-31T10:25:00
2025-10-31T13:28:08.375896,BTCUSDT1,5m,7,30,,Mean Reversion,23,-2.437135443,-0.105962411,69.56521739,-1.959563455,ranging,0.002321076,0.000380894,999,2025-10-21T00:45:00,2025-10-31T10:15:00
2025-10-31T13:28:08.406128,BTCUSDT1,5m,7,25,,Mean Reversion,13,-2.539244234,-0.19532648,46.15384615,-1.977858358,ranging,0.002321076,0.000380894,999,2025-10-21T00:45:00,2025-10-31T10:15:00
2025-10-31T13:28:08.429101,BTCUSDT1,5m,7,20,,Mean Reversion,9,-0.876801062,-0.09742234,33.33333333,-0.588071992,ranging,0.002321076,0.000380894,999,2025-10-21T00:45:00,2025-10-31T10:15:00
2025-10-31T13:28:08.451006,BTCUSDT1,5m,7,15,,Mean Reversion,6,-0.318967421,-0.053161237,50,-0.588071992,ranging,0.002321076,0.000380894,999,2025-10-21T00:45:00,2025-10-31T10:15:00
2025-10-31T13:28:08.501498,BTCUSDT1,5m,7,,70,Overbought Reversal,22,-3.391858771,-0.154175399,45.45454545,-4.04781584,ranging,0.002321076,0.000380894,999,2025-10-21T00:45:00,2025-10-31T10:15:00
2025-10-31T13:28:08.551331,BTCUSDT1,5m,7,,75,Overbought Reversal,12,-0.909441822,-0.075786819,58.33333333,-2.019325266,ranging,0.002321076,0.000380894,999,2025-10-21T00:45:00,2025-10-31T10:15:00
2025-10-31T13:28:08.571406,BTCUSDT1,5m,7,,80,Overbought Reversal,11,1.955069484,0.177733589,81.81818182,-0.729218183,ranging,0.002321076,0.000380894,999,2025-10-21T00:45:00,2025-10-31T10:15:00
2025-10-31T13:28:08.609931,BTCUSDT1,5m,7,,85,Overbought Reversal,5,1.668994029,0.333798806,80,-0.729218183,ranging,0.002321076,0.000380894,999,2025-10-21T00:45:00,2025-10-31T10:15:00
2025-10-31T13:28:08.682772,BTCUSDT1,5m,7,,,Trend-follow RSI,80,3.279676513,0.040995956,26.25,-2.517518482,ranging,0.002321076,0.000380894,999,2025-10-21T00:45:00,2025-10-31T10:15:00
2025-10-31T13:28:08.732604,BTCUSDT1,5m,14,30,,Mean Reversion,7,-1.950226496,-0.278603785,28.57142857,-1.12369609,ranging,0.002321076,0.000380894,999,2025-10-21T00:45:00,2025-10-31T10:15:00
2025-10-31T13:28:08.779477,BTCUSDT1,5m,14,25,,Mean Reversion,4,0.726811604,0.181702901,75,0,ranging,0.002321076,0.000380894,999,2025-10-21T00:45:00,2025-10-31T10:15:00
2025-10-31T13:28:08.885527,BTCUSDT1,5m,14,20,,Mean Reversion,1,-1.488590607,-1.488590607,0,0,ranging,0.002321076,0.000380894,999,2025-10-21T00:45:00,2025-10-31T10:15:00
2025-10-31T13:28:08.947185,BTCUSDT1,5m,14,15,,Mean Reversion,1,-1.488590607,-1.488590607,0,0,ranging,0.002321076,0.000380894,999,2025-10-21T00:45:00,2025-10-31T10:15:00
2025-10-31T13:28:08.982684,BTCUSDT1,5m,14,,70,Overbought Reversal,9,2.583951328,0.287105703,77.77777778,-1.076427658,ranging,0.002321076,0.000380894,999,2025-10-21T00:45:00,2025-10-31T10:15:00
2025-10-31T13:28:09.031890,BTCUSDT1,5m,14,,75,Overbought Reversal,5,2.090494322,0.418098864,80,-0.625727585,ranging,0.002321076,0.000380894,999,2025-10-21T00:45:00,2025-10-31T10:15:00
2025-10-31T13:28:09.065308,BTCUSDT1,5m,14,,80,Overbought Reversal,3,1.21125603,0.40375201,66.66666667,-0.625727585,ranging,0.002321076,0.000380894,999,2025-10-21T00:45:00,2025-10-31T10:15:00
2025-10-31T13:28:09.090306,BTCUSDT1,5m,14,,85,Overbought Reversal,1,2.082162079,2.082162079,100,0,ranging,0.002321076,0.000380894,999,2025-10-21T00:45:00,2025-10-31T10:15:00
2025-10-31T13:28:09.161817,BTCUSDT1,5m,14,,,Trend-follow RSI,44,5.34066102,0.12137866,40.90909091,-1.760059591,ranging,0.002321076,0.000380894,999,2025-10-21T00:45:00,2025-10-31T10:15:00
2025-10-31T13:28:09.223562,BTCUSDT1,5m,21,30,,Mean Reversion,3,-1.146819778,-0.382273259,33.33333333,-0.140501544,ranging,0.002321076,0.000380894,999,2025-10-21T00:45:00,2025-10-31T10:15:00
2025-10-31T13:28:09.270179,BTCUSDT1,5m,21,25,,Mean Reversion,1,-1.415546598,-1.415546598,0,0,ranging,0.002321076,0.000380894,999,2025-10-21T00:45:00,2025-10-31T10:15:00
2025-10-31T13:28:09.295180,BTCUSDT1,5m,21,20,,Mean Reversion,1,-1.415546598,-1.415546598,0,0,ranging,0.002321076,0.000380894,999,2025-10-21T00:45:00,2025-10-31T10:15:00
2025-10-31T13:28:09.325310,BTCUSDT1,5m,21,15,,Mean Reversion,1,-1.415546598,-1.415546598,0,0,ranging,0.002321076,0.000380894,999,2025-10-21T00:45:00,2025-10-31T10:15:00
2025-10-31T13:28:09.353493,BTCUSDT1,5m,21,,70,Overbought Reversal,5,3.570816107,0.714163221,80,-0.353802933,ranging,0.002321076,0.000380894,999,2025-10-21T00:45:00,2025-10-31T10:15:00
2025-10-31T13:28:09.375962,BTCUSDT1,5m,21,,75,Overbought Reversal,2,1.042047459,0.52102373,50,-0.353802933,ranging,0.002321076,0.000380894,999,2025-10-21T00:45:00,2025-10-31T10:15:00
2025-10-31T13:28:09.391919,BTCUSDT1,5m,21,,80,Overbought Reversal,0,0,0,0,0,ranging,0.002321076,0.000380894,999,2025-10-21T00:45:00,2025-10-31T10:15:00
2025-10-31T13:28:09.414375,BTCUSDT1,5m,21,,85,Overbought Reversal,0,0,0,0,0,ranging,0.002321076,0.000380894,999,2025-10-21T00:45:00,2025-10-31T10:15:00
2025-10-31T13:28:09.461250,BTCUSDT1,5m,21,,,Trend-follow RSI,39,2.280237646,0.058467632,28.20512821,-2.601220303,ranging,0.002321076,0.000380894,999,2025-10-21T00:45:00,2025-10-31T10:15:00
2025-10-31T13:28:09.504134,BTCUSDT,1h,7,30,,Mean Reversion,22,-6.183602586,-0.281072845,59.09090909,-7.612872735,trending,0.006282192,-0.000744265,999,2025-09-19T20:00:00,2025-10-31T10:00:00
2025-10-31T13:28:09.527074,BTCUSDT,1h,7,25,,Mean Reversion,13,-7.766413643,-0.597416434,53.84615385,-7.678878312,trending,0.006282192,-0.000744265,999,2025-09-19T20:00:00,2025-10-31T10:00:00
2025-10-31T13:28:09.552038,BTCUSDT,1h,7,20,,Mean Reversion,11,-5.485541262,-0.498685569,54.54545455,-6.799310166,trending,0.006282192,-0.000744265,999,2025-09-19T20:00:00,2025-10-31T10:00:00
2025-10-31T13:28:09.571951,BTCUSDT,1h,7,15,,Mean Reversion,6,-0.087422333,-0.014570389,83.33333333,-5.185115597,trending,0.006282192,-0.000744265,999,2025-09-19T20:00:00,2025-10-31T10:00:00
2025-10-31T13:28:09.598912,BTCUSDT,1h,7,,70,Overbought Reversal,20,-6.428972562,-0.321448628,45,-8.821015437,trending,0.006282192,-0.000744265,999,2025-09-19T20:00:00,2025-10-31T10:00:00
2025-10-31T13:28:09.624844,BTCUSDT,1h,7,,75,Overbought Reversal,17,-1.399359196,-0.082315247,70.58823529,-6.812925455,trending,0.006282192,-0.000744265,999,2025-09-19T20:00:00,2025-10-31T10:00:00
2025-10-31T13:28:09.653734,BTCUSDT,1h,7,,80,Overbought Reversal,11,-4.967997491,-0.451636136,54.54545455,-6.641586579,trending,0.006282192,-0.000744265,999,2025-09-19T20:00:00,2025-10-31T10:00:00
2025-10-31T13:28:09.676669,BTCUSDT,1h,7,,85,Overbought Reversal,7,-0.873860381,-0.124837197,57.14285714,-3.232261713,trending,0.006282192,-0.000744265,999,2025-09-19T20:00:00,2025-10-31T10:00:00
2025-10-31T13:28:09.738055,BTCUSDT,1h,7,,,Trend-follow RSI,79,9.393783449,0.118908651,27.84810127,-7.506186561,trending,0.006282192,-0.000744265,999,2025-09-19T20:00:00,2025-10-31T10:00:00
2025-10-31T13:28:09.773961,BTCUSDT,1h,14,30,,Mean Reversion,8,-4.49190215,-0.561487769,37.5,-5.681471965,trending,0.006282192,-0.000744265,999,2025-09-19T20:00:00,2025-10-31T10:00:00
2025-10-31T13:28:09.813421,BTCUSDT,1h,14,25,,Mean Reversion,5,1.003153992,0.200630798,80,-4.493733411,trending,0.006282192,-0.000744265,999,2025-09-19T20:00:00,2025-10-31T10:00:00
2025-10-31T13:28:09.875254,BTCUSDT,1h,14,20,,Mean Reversion,2,-1.283563124,-0.641781562,50,-1.687909054,trending,0.006282192,-0.000744265,999,2025-09-19T20:00:00,2025-10-31T10:00:00
2025-10-31T13:28:09.929449,BTCUSDT,1h,14,15,,Mean Reversion,1,-0.981702724,-0.981702724,0,0,trending,0.006282192,-0.000744265,999,2025-09-19T20:00:00,2025-10-31T10:00:00
2025-10-31T13:28:09.983877,BTCUSDT,1h,14,,70,Overbought Reversal,11,0.394963676,0.035905789,63.63636364,-7.100808336,trending,0.006282192,-0.000744265,999,2025-09-19T20:00:00,2025-10-31T10:00:00
2025-10-31T13:28:10.025414,BTCUSDT,1h,14,,75,Overbought Reversal,5,-5.652793915,-1.130558783,20,-5.554548955,trending,0.006282192,-0.000744265,999,2025-09-19T20:00:00,2025-10-31T10:00:00
2025-10-31T13:28:10.059870,BTCUSDT,1h,14,,80,Overbought Reversal,3,-2.590197486,-0.863399162,0,-2.546379834,trending,0.006282192,-0.000744265,999,2025-09-19T20:00:00,2025-10-31T10:00:00
2025-10-31T13:28:10.098774,BTCUSDT,1h,14,,85,Overbought Reversal,2,-0.783485983,-0.391742991,0,-0.753502972,trending,0.006282192,-0.000744265,999,2025-09-19T20:00:00,2025-10-31T10:00:00
2025-10-31T13:28:10.175687,BTCUSDT,1h,14,,,Trend-follow RSI,51,10.93609715,0.214433277,31.37254902,-5.453838361,trending,0.006282192,-0.000744265,999,2025-09-19T20:00:00,2025-10-31T10:00:00
2025-10-31T13:28:10.228547,BTCUSDT,1h,21,30,,Mean Reversion,4,-0.486675988,-0.121668997,50,-3.445564012,trending,0.006282192,-0.000744265,999,2025-09-19T20:00:00,2025-10-31T10:00:00
2025-10-31T13:28:10.260461,BTCUSDT,1h,21,25,,Mean Reversion,1,-0.935197111,-0.935197111,0,0,trending,0.006282192,-0.000744265,999,2025-09-19T20:00:00,2025-10-31T10:00:00
2025-10-31T13:28:10.300353,BTCUSDT,1h,21,20,,Mean Reversion,1,0.607583479,0.607583479,100,0,trending,0.006282192,-0.000744265,999,2025-09-19T20:00:00,2025-10-31T10:00:00
2025-10-31T13:28:10.334261,BTCUSDT,1h,21,15,,Mean Reversion,0,0,0,0,0,trending,0.006282192,-0.000744265,999,2025-09-19T20:00:00,2025-10-31T10:00:00
2025-10-31T13:28:10.382476,BTCUSDT,1h,21,,70,Overbought Reversal,4,-6.906862018,-1.726715505,25,-7.677420292,trending,0.006282192,-0.000744265,999,2025-09-19T20:00:00,2025-10-31T10:00:00
2025-10-31T13:28:10.434514,BTCUSDT,1h,21,,75,Overbought Reversal,3,1.179070207,0.393023402,66.66666667,-0.753502972,trending,0.006282192,-0.000744265,999,2025-09-19T20:00:00,2025-10-31T10:00:00
2025-10-31T13:28:10.491701,BTCUSDT,1h,21,,80,Overbought Reversal,2,0.365390153,0.182695076,50,-0.550997,trending,0.006282192,-0.000744265,999,2025-09-19T20:00:00,2025-10-31T10:00:00
2025-10-31T13:28:10.518627,BTCUSDT,1h,21,,85,Overbought Reversal,1,0.916387153,0.916387153,100,0,trending,0.006282192,-0.000744265,999,2025-09-19T20:00:00,2025-10-31T10:00:00
2025-10-31T13:28:10.567009,BTCUSDT,1h,21,,,Trend-follow RSI,23,16.51877777,0.718207729,43.47826087,-3.04290416,trending,0.006282192,-0.000744265,999,2025-09-19T20:00:00,2025-10-31T10:00:00
2025-10-31T13:28:10.618868,BTCUSDT,1m,7,30,,Mean Reversion,30,1.929417803,0.064313927,83.33333333,-0.53378345,ranging,0.000297191,-2.63E-05,999,2025-10-30T17:49:00,2025-10-31T10:27:00
2025-10-31T13:28:10.650784,BTCUSDT,1m,7,25,,Mean Reversion,17,1.130024251,0.066472015,76.47058824,-0.367168378,ranging,0.000297191,-2.63E-05,999,2025-10-30T17:49:00,2025-10-31T10:27:00
2025-10-31T13:28:10.681569,BTCUSDT,1m,7,20,,Mean Reversion,9,0.743950805,0.082661201,77.77777778,-0.284032533,ranging,0.000297191,-2.63E-05,999,2025-10-30T17:49:00,2025-10-31T10:27:00
2025-10-31T13:28:10.709463,BTCUSDT,1m,7,15,,Mean Reversion,5,0.422232425,0.084446485,60,-0.135624048,ranging,0.000297191,-2.63E-05,999,2025-10-30T17:49:00,2025-10-31T10:27:00
2025-10-31T13:28:10.765759,BTCUSDT,1m,7,,70,Overbought Reversal,28,0.600143164,0.021433684,78.57142857,-1.32629517,ranging,0.000297191,-2.63E-05,999,2025-10-30T17:49:00,2025-10-31T10:27:00
2025-10-31T13:28:10.817620,BTCUSDT,1m,7,,75,Overbought Reversal,17,-0.416207695,-0.024482806,64.70588235,-1.389201581,ranging,0.000297191,-2.63E-05,999,2025-10-30T17:49:00,2025-10-31T10:27:00
2025-10-31T13:28:10.847539,BTCUSDT,1m,7,,80,Overbought Reversal,8,-0.882606257,-0.110325782,50,-1.174067229,ranging,0.000297191,-2.63E-05,999,2025-10-30T17:49:00,2025-10-31T10:27:00
2025-10-31T13:28:10.871989,BTCUSDT,1m,7,,85,Overbought Reversal,7,-0.178266499,-0.025466643,57.14285714,-0.674419044,ranging,0.000297191,-2.63E-05,999,2025-10-30T17:49:00,2025-10-31T10:27:00
2025-10-31T13:28:10.947785,BTCUSDT,1m,7,,,Trend-follow RSI,85,-1.113399763,-0.013098821,27.05882353,-1.336350947,ranging,0.000297191,-2.63E-05,999,2025-10-30T17:49:00,2025-10-31T10:27:00
2025-10-31T13:28:10.978930,BTCUSDT,1m,14,30,,Mean Reversion,7,1.197286538,0.171040934,100,0,ranging,0.000297191,-2.63E-05,999,2025-10-30T17:49:00,2025-10-31T10:27:00
2025-10-31T13:28:10.999832,BTCUSDT,1m,14,25,,Mean Reversion,4,0.718896728,0.179724182,100,0,ranging,0.000297191,-2.63E-05,999,2025-10-30T17:49:00,2025-10-31T10:27:00
2025-10-31T13:28:11.016788,BTCUSDT,1m,14,20,,Mean Reversion,1,0.285278835,0.285278835,100,0,ranging,0.000297191,-2.63E-05,999,2025-10-30T17:49:00,2025-10-31T10:27:00
2025-10-31T13:28:11.039725,BTCUSDT,1m,14,15,,Mean Reversion,0,0,0,0,0,ranging,0.000297191,-2.63E-05,999,2025-10-30T17:49:00,2025-10-31T10:27:00
2025-10-31T13:28:11.055840,BTCUSDT,1m,14,,70,Overbought Reversal,7,-0.828792856,-0.118398979,42.85714286,-1.384086074,ranging,0.000297191,-2.63E-05,999,2025-10-30T17:49:00,2025-10-31T10:27:00
2025-10-31T13:28:11.071657,BTCUSDT,1m,14,,75,Overbought Reversal,5,-0.517506542,-0.103501308,40,-0.776882133,ranging,0.000297191,-2.63E-05,999,2025-10-30T17:49:00,2025-10-31T10:27:00
2025-10-31T13:28:11.087614,BTCUSDT,1m,14,,80,Overbought Reversal,3,-0.336398768,-0.112132923,33.33333333,-0.582508199,ranging,0.000297191,-2.63E-05,999,2025-10-30T17:49:00,2025-10-31T10:27:00
2025-10-31T13:28:11.109588,BTCUSDT,1m,14,,85,Overbought Reversal,1,-0.271171118,-0.271171118,0,0,ranging,0.000297191,-2.63E-05,999,2025-10-30T17:49:00,2025-10-31T10:27:00
2025-10-31T13:28:11.161415,BTCUSDT,1m,14,,,Trend-follow RSI,64,-1.379928514,-0.021561383,20.3125,-1.361208011,ranging,0.000297191,-2.63E-05,999,2025-10-30T17:49:00,2025-10-31T10:27:00
2025-10-31T13:28:11.191325,BTCUSDT,1m,21,30,,Mean Reversion,3,0.777313805,0.259104602,100,0,ranging,0.000297191,-2.63E-05,999,2025-10-30T17:49:00,2025-10-31T10:27:00
2025-10-31T13:28:11.232218,BTCUSDT,1m,21,25,,Mean Reversion,0,0,0,0,0,ranging,0.000297191,-2.63E-05,999,2025-10-30T17:49:00,2025-10-31T10:27:00
2025-10-31T13:28:11.253159,BTCUSDT,1m,21,20,,Mean Reversion,0,0,0,0,0,ranging,0.000297191,-2.63E-05,999,2025-10-30T17:49:00,2025-10-31T10:27:00
2025-10-31T13:28:11.268734,BTCUSDT,1m,21,15,,Mean Reversion,0,0,0,0,0,ranging,0.000297191,-2.63E-05,999,2025-10-30T17:49:00,2025-10-31T10:27:00
2025-10-31T13:28:11.287650,BTCUSDT,1m,21,,70,Overbought Reversal,4,-0.815675786,-0.203918947,50,-1.215423014,ranging,0.000297191,-2.63E-05,999,2025-10-30T17:49:00,2025-10-31T10:27:00
2025-10-31T13:28:11.309591,BTCUSDT,1m,21,,75,Overbought Reversal,3,-0.555189149,-0.18506305,66.66666667,-1.149838337,ranging,0.000297191,-2.63E-05,999,2025-10-30T17:49:00,2025-10-31T10:27:00
2025-10-31T13:28:11.324551,BTCUSDT,1m,21,,80,Overbought Reversal,2,0.132817178,0.066408589,50,-0.107215904,ranging,0.000297191,-2.63E-05,999,2025-10-30T17:49:00,2025-10-31T10:27:00
2025-10-31T13:28:11.344530,BTCUSDT,1m,21,,85,Overbought Reversal,1,0.240033081,0.240033081,100,0,ranging,0.000297191,-2.63E-05,999,2025-10-30T17:49:00,2025-10-31T10:27:00
2025-10-31T13:28:11.396358,BTCUSDT,1m,21,,,Trend-follow RSI,43,-1.480389116,-0.034427654,20.93023256,-1.45701001,ranging,0.000297191,-2.63E-05,999,2025-10-30T17:49:00,2025-10-31T10:27:00
2025-10-31T13:28:11.440245,BTCUSDT,4h,7,30,,Mean Reversion,18,-4.344377261,-0.241354292,44.44444444,-9.733476475,volatile,0.006966234,-4.17E-05,999,2025-05-18T00:00:00,2025-10-31T08:00:00
2025-10-31T13:28:11.466206,BTCUSDT,4h,7,25,,Mean Reversion,16,8.959583845,0.55997399,62.5,-2.811035867,volatile,0.006966234,-4.17E-05,999,2025-05-18T00:00:00,2025-10-31T08:00:00
2025-10-31T13:28:11.490107,BTCUSDT,4h,7,20,,Mean Reversion,11,10.52648556,0.956953233,72.72727273,-2.774270037,volatile,0.006966234,-4.17E-05,999,2025-05-18T00:00:00,2025-10-31T08:00:00
2025-10-31T13:28:11.511050,BTCUSDT,4h,7,15,,Mean Reversion,3,3.076971068,1.025657023,100,0,volatile,0.006966234,-4.17E-05,999,2025-05-18T00:00:00,2025-10-31T08:00:00
2025-10-31T13:28:11.538975,BTCUSDT,4h,7,,70,Overbought Reversal,24,-3.99565706,-0.166485711,66.66666667,-10.63432531,volatile,0.006966234,-4.17E-05,999,2025-05-18T00:00:00,2025-10-31T08:00:00
2025-10-31T13:28:11.574907,BTCUSDT,4h,7,,75,Overbought Reversal,19,-3.240218877,-0.170537836,63.15789474,-10.25645049,volatile,0.006966234,-4.17E-05,999,2025-05-18T00:00:00,2025-10-31T08:00:00
2025-10-31T13:28:11.604825,BTCUSDT,4h,7,,80,Overbought Reversal,12,-5.137164443,-0.428097037,58.33333333,-10.25645049,volatile,0.006966234,-4.17E-05,999,2025-05-18T00:00:00,2025-10-31T08:00:00
2025-10-31T13:28:11.621813,BTCUSDT,4h,7,,85,Overbought Reversal,7,-2.610164659,-0.372880666,71.42857143,-8.656478195,volatile,0.006966234,-4.17E-05,999,2025-05-18T00:00:00,2025-10-31T08:00:00
2025-10-31T13:28:11.677655,BTCUSDT,4h,7,,,Trend-follow RSI,73,1.964261711,0.026907695,24.65753425,-11.9383749,volatile,0.006966234,-4.17E-05,999,2025-05-18T00:00:00,2025-10-31T08:00:00
2025-10-31T13:28:11.719543,BTCUSDT,4h,14,30,,Mean Reversion,9,16.18415257,1.798239174,77.77777778,-1.058666377,volatile,0.006966234,-4.17E-05,999,2025-05-18T00:00:00,2025-10-31T08:00:00
2025-10-31T13:28:11.762432,BTCUSDT,4h,14,25,,Mean Reversion,4,9.179859756,2.294964939,75,-0.316423775,volatile,0.006966234,-4.17E-05,999,2025-05-18T00:00:00,2025-10-31T08:00:00
2025-10-31T13:28:11.794190,BTCUSDT,4h,14,20,,Mean Reversion,1,4.899442051,4.899442051,100,0,volatile,0.006966234,-4.17E-05,999,2025-05-18T00:00:00,2025-10-31T08:00:00
2025-10-31T13:28:11.844058,BTCUSDT,4h,14,15,,Mean Reversion,0,0,0,0,0,volatile,0.006966234,-4.17E-05,999,2025-05-18T00:00:00,2025-10-31T08:00:00
2025-10-31T13:28:11.879489,BTCUSDT,4h,14,,70,Overbought Reversal,8,-9.081377707,-1.135172213,62.5,-8.518893278,volatile,0.006966234,-4.17E-05,999,2025-05-18T00:00:00,2025-10-31T08:00:00
2025-10-31T13:28:11.934342,BTCUSDT,4h,14,,75,Overbought Reversal,6,-3.665353817,-0.610892303,50,-4.94167856,volatile,0.006966234,-4.17E-05,999,2025-05-18T00:00:00,2025-10-31T08:00:00
2025-10-31T13:28:11.984943,BTCUSDT,4h,14,,80,Overbought Reversal,3,-6.993352243,-2.331117414,0,-3.695732746,volatile,0.006966234,-4.17E-05,999,2025-05-18T00:00:00,2025-10-31T08:00:00
2025-10-31T13:28:12.027243,BTCUSDT,4h,14,,85,Overbought Reversal,2,-2.699143307,-1.349571654,50,0,volatile,0.006966234,-4.17E-05,999,2025-05-18T00:00:00,2025-10-31T08:00:00
2025-10-31T13:28:12.103198,BTCUSDT,4h,14,,,Trend-follow RSI,61,-7.284067581,-0.119410944,26.2295082,-11.05934024,volatile,0.006966234,-4.17E-05,999,2025-05-18T00:00:00,2025-10-31T08:00:00
2025-10-31T13:28:12.139337,BTCUSDT,4h,21,30,,Mean Reversion,3,7.075457762,2.358485921,66.66666667,-2.331253963,volatile,0.006966234,-4.17E-05,999,2025-05-18T00:00:00,2025-10-31T08:00:00
2025-10-31T13:28:12.160338,BTCUSDT,4h,21,25,,Mean Reversion,0,0,0,0,0,volatile,0.006966234,-4.17E-05,999,2025-05-18T00:00:00,2025-10-31T08:00:00
2025-10-31T13:28:12.199283,BTCUSDT,4h,21,20,,Mean Reversion,0,0,0,0,0,volatile,0.006966234,-4.17E-05,999,2025-05-18T00:00:00,2025-10-31T08:00:00
2025-10-31T13:28:12.225259,BTCUSDT,4h,21,15,,Mean Reversion,0,0,0,0,0,volatile,0.006966234,-4.17E-05,999,2025-05-18T00:00:00,2025-10-31T08:00:00
2025-10-31T13:28:12.247161,BTCUSDT,4h,21,,70,Overbought Reversal,4,-7.688492467,-1.922123117,25,-4.54486141,volatile,0.006966234,-4.17E-05,999,2025-05-18T00:00:00,2025-10-31T08:00:00
2025-10-31T13:28:12.271815,BTCUSDT,4h,21,,75,Overbought Reversal,3,-6.423432789,-2.141144263,0,-3.184906673,volatile,0.006966234,-4.17E-05,999,2025-05-18T00:00:00,2025-10-31T08:00:00
2025-10-31T13:28:12.289872,BTCUSDT,4h,21,,80,Overbought Reversal,2,1.153521687,0.576760843,50,0,volatile,0.006966234,-4.17E-05,999,2025-05-18T00:00:00,2025-10-31T08:00:00
2025-10-31T13:28:12.321900,BTCUSDT,4h,21,,85,Overbought Reversal,1,-3.214616637,-3.214616637,0,0,volatile,0.006966234,-4.17E-05,999,2025-05-18T00:00:00,2025-10-31T08:00:00
2025-10-31T13:28:12.374710,BTCUSDT,4h,21,,,Trend-follow RSI,41,-5.439217607,-0.132663844,24.3902439,-10.89543693,volatile,0.006966234,-4.17E-05,999,2025-05-18T00:00:00,2025-10-31T08:00:00
2025-10-31T13:28:12.416909,BTCUSDT,5m,7,30,,Mean Reversion,21,-2.88024154,-0.137154359,61.9047619,-4.661491405,ranging,0.001144584,8.70E-05,999,2025-10-27T23:15:00,2025-10-31T10:25:00
2025-10-31T13:28:12.444364,BTCUSDT,5m,7,25,,Mean Reversion,17,-1.95806734,-0.115180432,58.82352941,-4.0541246,ranging,0.001144584,8.70E-05,999,2025-10-27T23:15:00,2025-10-31T10:25:00
2025-10-31T13:28:12.466197,BTCUSDT,5m,7,20,,Mean Reversion,10,-1.575502289,-0.157550229,30,-2.579242914,ranging,0.001144584,8.70E-05,999,2025-10-27T23:15:00,2025-10-31T10:25:00
2025-10-31T13:28:12.485183,BTCUSDT,5m,7,15,,Mean Reversion,7,-2.001524535,-0.285932076,28.57142857,-1.767412015,ranging,0.001144584,8.70E-05,999,2025-10-27T23:15:00,2025-10-31T10:25:00
2025-10-31T13:28:12.515750,BTCUSDT,5m,7,,70,Overbought Reversal,19,-2.324270344,-0.122330018,63.15789474,-3.120714064,ranging,0.001144584,8.70E-05,999,2025-10-27T23:15:00,2025-10-31T10:25:00
2025-10-31T13:28:12.540143,BTCUSDT,5m,7,,75,Overbought Reversal,15,-1.050312587,-0.070020839,60,-2.162641565,ranging,0.001144584,8.70E-05,999,2025-10-27T23:15:00,2025-10-31T10:25:00
2025-10-31T13:28:12.566668,BTCUSDT,5m,7,,80,Overbought Reversal,7,-0.691249644,-0.098749949,57.14285714,-1.128326804,ranging,0.001144584,8.70E-05,999,2025-10-27T23:15:00,2025-10-31T10:25:00
2025-10-31T13:28:12.585822,BTCUSDT,5m,7,,85,Overbought Reversal,3,0.107239117,0.035746372,33.33333333,-0.018858956,ranging,0.001144584,8.70E-05,999,2025-10-27T23:15:00,2025-10-31T10:25:00
2025-10-31T13:28:12.645473,BTCUSDT,5m,7,,,Trend-follow RSI,81,4.509431091,0.055671989,29.62962963,-2.178580483,ranging,0.001144584,8.70E-05,999,2025-10-27T23:15:00,2025-10-31T10:25:00
2025-10-31T13:28:12.677539,BTCUSDT,5m,14,30,,Mean Reversion,8,-1.051162952,-0.131395369,37.5,-1.552652972,ranging,0.001144584,8.70E-05,999,2025-10-27T23:15:00,2025-10-31T10:25:00
2025-10-31T13:28:12.694648,BTCUSDT,5m,14,25,,Mean Reversion,6,-0.150868739,-0.02514479,66.66666667,-1.020649754,ranging,0.001144584,8.70E-05,999,2025-10-27T23:15:00,2025-10-31T10:25:00
2025-10-31T13:28:12.711607,BTCUSDT,5m,14,20,,Mean Reversion,4,1.922437507,0.480609377,75,-0.619235126,ranging,0.001144584,8.70E-05,999,2025-10-27T23:15:00,2025-10-31T10:25:00
2025-10-31T13:28:12.729197,BTCUSDT,5m,14,15,,Mean Reversion,1,1.408995035,1.408995035,100,0,ranging,0.001144584,8.70E-05,999,2025-10-27T23:15:00,2025-10-31T10:25:00
2025-10-31T13:28:12.752074,BTCUSDT,5m,14,,70,Overbought Reversal,6,0.016030315,0.002671719,83.33333333,-0.580406423,ranging,0.001144584,8.70E-05,999,2025-10-27T23:15:00,2025-10-31T10:25:00
2025-10-31T13:28:12.771338,BTCUSDT,5m,14,,75,Overbought Reversal,2,-0.045664739,-0.02283237,50,-0.367392651,ranging,0.001144584,8.70E-05,999,2025-10-27T23:15:00,2025-10-31T10:25:00
2025-10-31T13:28:12.787036,BTCUSDT,5m,14,,80,Overbought Reversal,2,1.314545325,0.657272662,100,0,ranging,0.001144584,8.70E-05,999,2025-10-27T23:15:00,2025-10-31T10:25:00
2025-10-31T13:28:12.802993,BTCUSDT,5m,14,,85,Overbought Reversal,1,0.797446091,0.797446091,100,0,ranging,0.001144584,8.70E-05,999,2025-10-27T23:15:00,2025-10-31T10:25:00
2025-10-31T13:28:12.844880,BTCUSDT,5m,14,,,Trend-follow RSI,54,2.530834606,0.046867308,24.07407407,-1.836187013,ranging,0.001144584,8.70E-05,999,2025-10-27T23:15:00,2025-10-31T10:25:00
2025-10-31T13:28:12.870811,BTCUSDT,5m,21,30,,Mean Reversion,6,1.037855825,0.172975971,66.66666667,-0.779463923,ranging,0.001144584,8.70E-05,999,2025-10-27T23:15:00,2025-10-31T10:25:00
2025-10-31T13:28:12.890464,BTCUSDT,5m,21,25,,Mean Reversion,4,1.339333617,0.334833404,75,-0.779463923,ranging,0.001144584,8.70E-05,999,2025-10-27T23:15:00,2025-10-31T10:25:00
2025-10-31T13:28:12.905285,BTCUSDT,5m,21,20,,Mean Reversion,1,1.408995035,1.408995035,100,0,ranging,0.001144584,8.70E-05,999,2025-10-27T23:15:00,2025-10-31T10:25:00
2025-10-31T13:28:12.930221,BTCUSDT,5m,21,15,,Mean Reversion,0,0,0,0,0,ranging,0.001144584,8.70E-05,999,2025-10-27T23:15:00,2025-10-31T10:25:00
2025-10-31T13:28:12.964127,BTCUSDT,5m,21,,70,Overbought Reversal,3,0.449594053,0.149864684,66.66666667,-0.013314212,ranging,0.001144584,8.70E-05,999,2025-10-27T23:15:00,2025-10-31T10:25:00
2025-10-31T13:28:13.016986,BTCUSDT,5m,21,,75,Overbought Reversal,3,1.580211253,0.526737084,100,0,ranging,0.001144584,8.70E-05,999,2025-10-27T23:15:00,2025-10-31T10:25:00
2025-10-31T13:28:13.061866,BTCUSDT,5m,21,,80,Overbought Reversal,1,0.921257361,0.921257361,100,0,ranging,0.001144584,8.70E-05,999,2025-10-27T23:15:00,2025-10-31T10:25:00
2025-10-31T13:28:13.109289,BTCUSDT,5m,21,,85,Overbought Reversal,0,0,0,0,0,ranging,0.001144584,8.70E-05,999,2025-10-27T23:15:00,2025-10-31T10:25:00
2025-10-31T13:28:13.184611,BTCUSDT,5m,21,,,Trend-follow RSI,36,3.074348107,0.085398559,22.22222222,-1.772411062,ranging,0.001144584,8.70E-05,999,2025-10-27T23:15:00,2025-10-31T10:25:00
2025-10-31T13:28:13.252429,ETHUSDT1,5m,7,30,,Mean Reversion,22,-1.416866953,-0.064403043,59.09090909,-2.60620298,ranging,0.002799904,0.000295745,999,2025-10-21T00:45:00,2025-10-31T10:15:00
2025-10-31T13:28:13.300108,ETHUSDT1,5m,7,25,,Mean Reversion,15,-1.636287591,-0.109085839,60,-2.572435282,ranging,0.002799904,0.000295745,999,2025-10-21T00:45:00,2025-10-31T10:15:00
2025-10-31T13:28:13.338004,ETHUSDT1,5m,7,20,,Mean Reversion,12,1.448389504,0.120699125,58.33333333,-1.500611488,ranging,0.002799904,0.000295745,999,2025-10-21T00:45:00,2025-10-31T10:15:00
2025-10-31T13:28:13.379892,ETHUSDT1,5m,7,15,,Mean Reversion,6,-0.340852067,-0.056808678,33.33333333,-0.345749355,ranging,0.002799904,0.000295745,999,2025-10-21T00:45:00,2025-10-31T10:15:00
2025-10-31T13:28:13.422777,ETHUSDT1,5m,7,,70,Overbought Reversal,23,2.062348942,0.089667345,69.56521739,-5.605458465,ranging,0.002799904,0.000295745,999,2025-10-21T00:45:00,2025-10-31T10:15:00
2025-10-31T13:28:13.456687,ETHUSDT1,5m,7,,75,Overbought Reversal,13,-3.509292426,-0.269945571,61.53846154,-5.550770607,ranging,0.002799904,0.000295745,999,2025-10-21T00:45:00,2025-10-31T10:15:00
2025-10-31T13:28:13.479139,ETHUSDT1,5m,7,,80,Overbought Reversal,11,-1.14352118,-0.103956471,63.63636364,-3.904295716,ranging,0.002799904,0.000295745,999,2025-10-21T00:45:00,2025-10-31T10:15:00
2025-10-31T13:28:13.507065,ETHUSDT1,5m,7,,85,Overbought Reversal,6,-1.534555802,-0.2557593,50,-3.797480501,ranging,0.002799904,0.000295745,999,2025-10-21T00:45:00,2025-10-31T10:15:00
2025-10-31T13:28:13.563911,ETHUSDT1,5m,7,,,Trend-follow RSI,81,3.420098995,0.042223444,27.16049383,-6.240505804,ranging,0.002799904,0.000295745,999,2025-10-21T00:45:00,2025-10-31T10:15:00
2025-10-31T13:28:13.593024,ETHUSDT1,5m,14,30,,Mean Reversion,9,2.457139956,0.273015551,55.55555556,-1.448317292,ranging,0.002799904,0.000295745,999,2025-10-21T00:45:00,2025-10-31T10:15:00
2025-10-31T13:28:13.609979,ETHUSDT1,5m,14,25,,Mean Reversion,3,-3.166022213,-1.055340738,33.33333333,-1.448317292,ranging,0.002799904,0.000295745,999,2025-10-21T00:45:00,2025-10-31T10:15:00
2025-10-31T13:28:13.634912,ETHUSDT1,5m,14,20,,Mean Reversion,1,-1.743692382,-1.743692382,0,0,ranging,0.002799904,0.000295745,999,2025-10-21T00:45:00,2025-10-31T10:15:00
2025-10-31T13:28:13.653860,ETHUSDT1,5m,14,15,,Mean Reversion,1,-1.743692382,-1.743692382,0,0,ranging,0.002799904,0.000295745,999,2025-10-21T00:45:00,2025-10-31T10:15:00
2025-10-31T13:28:13.680240,ETHUSDT1,5m,14,,70,Overbought Reversal,6,-2.804257977,-0.46737633,66.66666667,-5.49745,ranging,0.002799904,0.000295745,999,2025-10-21T00:45:00,2025-10-31T10:15:00
2025-10-31T13:28:13.695938,ETHUSDT1,5m,14,,75,Overbought Reversal,4,-2.556578794,-0.639144699,75,-5.074503828,ranging,0.002799904,0.000295745,999,2025-10-21T00:45:00,2025-10-31T10:15:00
2025-10-31T13:28:13.714697,ETHUSDT1,5m,14,,80,Overbought Reversal,3,-2.036072066,-0.678690689,66.66666667,-5.074503828,ranging,0.002799904,0.000295745,999,2025-10-21T00:45:00,2025-10-31T10:15:00
2025-10-31T13:28:13.739687,ETHUSDT1,5m,14,,85,Overbought Reversal,1,-2.818640032,-2.818640032,0,0,ranging,0.002799904,0.000295745,999,2025-10-21T00:45:00,2025-10-31T10:15:00
2025-10-31T13:28:13.812476,ETHUSDT1,5m,14,,,Trend-follow RSI,55,1.508378002,0.027425055,29.09090909,-7.527701083,ranging,0.002799904,0.000295745,999,2025-10-21T00:45:00,2025-10-31T10:15:00
2025-10-31T13:28:13.861340,ETHUSDT1,5m,21,30,,Mean Reversion,3,-0.665815344,-0.221938448,33.33333333,-0.740291867,ranging,0.002799904,0.000295745,999,2025-10-21T00:45:00,2025-10-31T10:15:00
2025-10-31T13:28:13.896248,ETHUSDT1,5m,21,25,,Mean Reversion,1,-1.057334627,-1.057334627,0,0,ranging,0.002799904,0.000295745,999,2025-10-21T00:45:00,2025-10-31T10:15:00
2025-10-31T13:28:13.927128,ETHUSDT1,5m,21,20,,Mean Reversion,1,-1.057334627,-1.057334627,0,0,ranging,0.002799904,0.000295745,999,2025-10-21T00:45:00,2025-10-31T10:15:00
2025-10-31T13:28:13.953056,ETHUSDT1,5m,21,15,,Mean Reversion,1,-1.057334627,-1.057334627,0,0,ranging,0.002799904,0.000295745,999,2025-10-21T00:45:00,2025-10-31T10:15:00
2025-10-31T13:28:13.995234,ETHUSDT1,5m,21,,70,Overbought Reversal,3,-1.397404328,-0.465801443,66.66666667,-3.936899691,ranging,0.002799904,0.000295745,999,2025-10-21T00:45:00,2025-10-31T10:15:00
2025-10-31T13:28:14.060059,ETHUSDT1,5m,21,,75,Overbought Reversal,2,-2.972467682,-1.486233841,50,-3.936899691,ranging,0.002799904,0.000295745,999,2025-10-21T00:45:00,2025-10-31T10:15:00
2025-10-31T13:28:14.124991,ETHUSDT1,5m,21,,80,Overbought Reversal,1,-2.157190594,-2.157190594,0,0,ranging,0.002799904,0.000295745,999,2025-10-21T00:45:00,2025-10-31T10:15:00
2025-10-31T13:28:14.166878,ETHUSDT1,5m,21,,85,Overbought Reversal,0,0,0,0,0,ranging,0.002799904,0.000295745,999,2025-10-21T00:45:00,2025-10-31T10:15:00
2025-10-31T13:28:14.239710,ETHUSDT1,5m,21,,,Trend-follow RSI,48,-2.464526266,-0.051344297,22.91666667,-8.974430124,ranging,0.002799904,0.000295745,999,2025-10-21T00:45:00,2025-10-31T10:15:00
2025-10-31T13:28:14.285104,ETHUSDT,1h,7,30,,Mean Reversion,22,-15.2165175,-0.691659887,59.09090909,-20.7226011,trending,0.008101898,-0.001134374,999,2025-09-19T20:00:00,2025-10-31T10:00:00
2025-10-31T13:28:14.319012,ETHUSDT,1h,7,25,,Mean Reversion,15,-9.141014496,-0.609400966,60,-11.74758739,trending,0.008101898,-0.001134374,999,2025-09-19T20:00:00,2025-10-31T10:00:00
2025-10-31T13:28:14.359906,ETHUSDT,1h,7,20,,Mean Reversion,12,-0.123109261,-0.010259105,66.66666667,-8.768133747,trending,0.008101898,-0.001134374,999,2025-09-19T20:00:00,2025-10-31T10:00:00
2025-10-31T13:28:14.395043,ETHUSDT,1h,7,15,,Mean Reversion,4,-7.954158666,-1.988539666,25,-9.084140818,trending,0.008101898,-0.001134374,999,2025-09-19T20:00:00,2025-10-31T10:00:00
2025-10-31T13:28:14.440920,ETHUSDT,1h,7,,70,Overbought Reversal,22,6.455466294,0.293430286,63.63636364,-4.48656063,trending,0.008101898,-0.001134374,999,2025-09-19T20:00:00,2025-10-31T10:00:00
2025-10-31T13:28:14.495601,ETHUSDT,1h,7,,75,Overbought Reversal,17,2.333727937,0.137278114,64.70588235,-4.48656063,trending,0.008101898,-0.001134374,999,2025-09-19T20:00:00,2025-10-31T10:00:00
2025-10-31T13:28:14.531506,ETHUSDT,1h,7,,80,Overbought Reversal,8,-4.196729834,-0.524591229,37.5,-5.18252606,trending,0.008101898,-0.001134374,999,2025-09-19T20:00:00,2025-10-31T10:00:00
2025-10-31T13:28:14.592738,ETHUSDT,1h,7,,85,Overbought Reversal,5,-1.678428017,-0.335685603,60,-3.012121167,trending,0.008101898,-0.001134374,999,2025-09-19T20:00:00,2025-10-31T10:00:00
2025-10-31T13:28:14.705687,ETHUSDT,1h,7,,,Trend-follow RSI,81,16.95445555,0.209314266,23.45679012,-8.099309272,trending,0.008101898,-0.001134374,999,2025-09-19T20:00:00,2025-10-31T10:00:00
2025-10-31T13:28:14.748572,ETHUSDT,1h,14,30,,Mean Reversion,9,-0.861882426,-0.095764714,66.66666667,-12.68499346,trending,0.008101898,-0.001134374,999,2025-09-19T20:00:00,2025-10-31T10:00:00
2025-10-31T13:28:14.784473,ETHUSDT,1h,14,25,,Mean Reversion,3,-10.7597472,-3.586582401,0,-7.327653984,trending,0.008101898,-0.001134374,999,2025-09-19T20:00:00,2025-10-31T10:00:00
2025-10-31T13:28:14.808410,ETHUSDT,1h,14,20,,Mean Reversion,2,-7.500376852,-3.750188426,0,-4.120513513,trending,0.008101898,-0.001134374,999,2025-09-19T20:00:00,2025-10-31T10:00:00
2025-10-31T13:28:14.829352,ETHUSDT,1h,14,15,,Mean Reversion,2,-1.05095354,-0.52547677,0,-0.993464728,trending,0.008101898,-0.001134374,999,2025-09-19T20:00:00,2025-10-31T10:00:00
2025-10-31T13:28:14.877224,ETHUSDT,1h,14,,70,Overbought Reversal,9,-3.307888174,-0.36754313,55.55555556,-4.587714729,trending,0.008101898,-0.001134374,999,2025-09-19T20:00:00,2025-10-31T10:00:00
2025-10-31T13:28:14.913633,ETHUSDT,1h,14,,75,Overbought Reversal,5,-1.424121184,-0.284824237,40,-3.199737602,trending,0.008101898,-0.001134374,999,2025-09-19T20:00:00,2025-10-31T10:00:00
2025-10-31T13:28:14.938566,ETHUSDT,1h,14,,80,Overbought Reversal,4,1.6899764,0.4224941,75,-1.37273533,trending,0.008101898,-0.001134374,999,2025-09-19T20:00:00,2025-10-31T10:00:00
2025-10-31T13:28:14.957514,ETHUSDT,1h,14,,85,Overbought Reversal,2,2.748255519,1.374127759,100,0,trending,0.008101898,-0.001134374,999,2025-09-19T20:00:00,2025-10-31T10:00:00
2025-10-31T13:28:15.029322,ETHUSDT,1h,14,,,Trend-follow RSI,50,14.09280543,0.281856109,18,-9.441140447,trending,0.008101898,-0.001134374,999,2025-09-19T20:00:00,2025-10-31T10:00:00
2025-10-31T13:28:15.053257,ETHUSDT,1h,21,30,,Mean Reversion,5,2.202234694,0.440446939,40,-3.40976736,trending,0.008101898,-0.001134374,999,2025-09-19T20:00:00,2025-10-31T10:00:00
2025-10-31T13:28:15.073203,ETHUSDT,1h,21,25,,Mean Reversion,3,2.789589499,0.929863166,33.33333333,-0.559591351,trending,0.008101898,-0.001134374,999,2025-09-19T20:00:00,2025-10-31T10:00:00
2025-10-31T13:28:15.092188,ETHUSDT,1h,21,20,,Mean Reversion,2,3.709855863,1.854927932,100,0,trending,0.008101898,-0.001134374,999,2025-09-19T20:00:00,2025-10-31T10:00:00
2025-10-31T13:28:15.112100,ETHUSDT,1h,21,15,,Mean Reversion,0,0,0,0,0,trending,0.008101898,-0.001134374,999,2025-09-19T20:00:00,2025-10-31T10:00:00
2025-10-31T13:28:15.132046,ETHUSDT,1h,21,,70,Overbought Reversal,4,2.773412748,0.693353187,50,-1.766382612,trending,0.008101898,-0.001134374,999,2025-09-19T20:00:00,2025-10-31T10:00:00
2025-10-31T13:28:15.150035,ETHUSDT,1h,21,,75,Overbought Reversal,2,2.215494988,1.107747494,50,-0.806167228,trending,0.008101898,-0.001134374,999,2025-09-19T20:00:00,2025-10-31T10:00:00
2025-10-31T13:28:15.172936,ETHUSDT,1h,21,,80,Overbought Reversal,2,5.780548457,2.890274228,100,0,trending,0.008101898,-0.001134374,999,2025-09-19T20:00:00,2025-10-31T10:00:00
2025-10-31T13:28:15.195653,ETHUSDT,1h,21,,85,Overbought Reversal,1,3.021662216,3.021662216,100,0,trending,0.008101898,-0.001134374,999,2025-09-19T20:00:00,2025-10-31T10:00:00
2025-10-31T13:28:15.246259,ETHUSDT,1h,21,,,Trend-follow RSI,43,17.0472419,0.396447486,20.93023256,-7.934638608,trending,0.008101898,-0.001134374,999,2025-09-19T20:00:00,2025-10-31T10:00:00
2025-10-31T13:28:15.296123,ETHUSDT,1m,7,30,,Mean Reversion,26,2.371295855,0.091203687,76.92307692,-0.391678463,ranging,0.000409824,-9.68E-06,999,2025-10-30T17:49:00,2025-10-31T10:27:00
2025-10-31T13:28:15.320095,ETHUSDT,1m,7,25,,Mean Reversion,18,2.075227058,0.115290392,77.77777778,-0.253949221,ranging,0.000409824,-9.68E-06,999,2025-10-30T17:49:00,2025-10-31T10:27:00
2025-10-31T13:28:15.340005,ETHUSDT,1m,7,20,,Mean Reversion,8,0.361975439,0.04524693,62.5,-0.144826365,ranging,0.000409824,-9.68E-06,999,2025-10-30T17:49:00,2025-10-31T10:27:00
2025-10-31T13:28:15.360951,ETHUSDT,1m,7,15,,Mean Reversion,3,0.454333483,0.151444494,66.66666667,-0.007068044,ranging,0.000409824,-9.68E-06,999,2025-10-30T17:49:00,2025-10-31T10:27:00
2025-10-31T13:28:15.403016,ETHUSDT,1m,7,,70,Overbought Reversal,26,-0.3692846,-0.014203254,61.53846154,-1.372167429,ranging,0.000409824,-9.68E-06,999,2025-10-30T17:49:00,2025-10-31T10:27:00
2025-10-31T13:28:15.430972,ETHUSDT,1m,7,,75,Overbought Reversal,18,0.419166082,0.023287005,55.55555556,-0.481712445,ranging,0.000409824,-9.68E-06,999,2025-10-30T17:49:00,2025-10-31T10:27:00
2025-10-31T13:28:15.457866,ETHUSDT,1m,7,,80,Overbought Reversal,11,0.164392946,0.014944813,72.72727273,-0.403250607,ranging,0.000409824,-9.68E-06,999,2025-10-30T17:49:00,2025-10-31T10:27:00
2025-10-31T13:28:15.477846,ETHUSDT,1m,7,,85,Overbought Reversal,6,0.875885632,0.145980939,100,0,ranging,0.000409824,-9.68E-06,999,2025-10-30T17:49:00,2025-10-31T10:27:00
2025-10-31T13:28:15.534660,ETHUSDT,1m,7,,,Trend-follow RSI,87,-1.89520599,-0.021783977,25.28735632,-2.367038542,ranging,0.000409824,-9.68E-06,999,2025-10-30T17:49:00,2025-10-31T10:27:00
2025-10-31T13:28:15.564613,ETHUSDT,1m,14,30,,Mean Reversion,5,0.804451811,0.160890362,80,-0.257353324,ranging,0.000409824,-9.68E-06,999,2025-10-30T17:49:00,2025-10-31T10:27:00
2025-10-31T13:28:15.584560,ETHUSDT,1m,14,25,,Mean Reversion,4,1.057225324,0.264306331,75,-0.104612061,ranging,0.000409824,-9.68E-06,999,2025-10-30T17:49:00,2025-10-31T10:27:00
2025-10-31T13:28:15.600516,ETHUSDT,1m,14,20,,Mean Reversion,1,0.464209038,0.464209038,100,0,ranging,0.000409824,-9.68E-06,999,2025-10-30T17:49:00,2025-10-31T10:27:00
2025-10-31T13:28:15.622460,ETHUSDT,1m,14,15,,Mean Reversion,0,0,0,0,0,ranging,0.000409824,-9.68E-06,999,2025-10-30T17:49:00,2025-10-31T10:27:00
2025-10-31T13:28:15.647359,ETHUSDT,1m,14,,70,Overbought Reversal,9,-0.515253929,-0.057250437,55.55555556,-1.264956808,ranging,0.000409824,-9.68E-06,999,2025-10-30T17:49:00,2025-10-31T10:27:00
2025-10-31T13:28:15.666309,ETHUSDT,1m,14,,75,Overbought Reversal,6,0.653338019,0.10888967,50,-0.32161094,ranging,0.000409824,-9.68E-06,999,2025-10-30T17:49:00,2025-10-31T10:27:00
2025-10-31T13:28:15.684258,ETHUSDT,1m,14,,80,Overbought Reversal,2,0.301503813,0.150751906,50,-0.103413688,ranging,0.000409824,-9.68E-06,999,2025-10-30T17:49:00,2025-10-31T10:27:00
2025-10-31T13:28:15.702210,ETHUSDT,1m,14,,85,Overbought Reversal,2,0.424332313,0.212166156,100,0,ranging,0.000409824,-9.68E-06,999,2025-10-30T17:49:00,2025-10-31T10:27:00
2025-10-31T13:28:15.751112,ETHUSDT,1m,14,,,Trend-follow RSI,53,-0.732544661,-0.013821597,32.0754717,-1.332785851,ranging,0.000409824,-9.68E-06,999,2025-10-30T17:49:00,2025-10-31T10:27:00
2025-10-31T13:28:15.776015,ETHUSDT,1m,21,30,,Mean Reversion,3,0.96927968,0.323093227,66.66666667,-0.065471144,ranging,0.000409824,-9.68E-06,999,2025-10-30T17:49:00,2025-10-31T10:27:00
2025-10-31T13:28:15.794003,ETHUSDT,1m,21,25,,Mean Reversion,0,0,0,0,0,ranging,0.000409824,-9.68E-06,999,2025-10-30T17:49:00,2025-10-31T10:27:00
2025-10-31T13:28:15.815944,ETHUSDT,1m,21,20,,Mean Reversion,0,0,0,0,0,ranging,0.000409824,-9.68E-06,999,2025-10-30T17:49:00,2025-10-31T10:27:00
2025-10-31T13:28:15.835893,ETHUSDT,1m,21,15,,Mean Reversion,0,0,0,0,0,ranging,0.000409824,-9.68E-06,999,2025-10-30T17:49:00,2025-10-31T10:27:00
2025-10-31T13:28:15.850854,ETHUSDT,1m,21,,70,Overbought Reversal,5,0.257991636,0.051598327,60,-1.246000256,ranging,0.000409824,-9.68E-06,999,2025-10-30T17:49:00,2025-10-31T10:27:00
2025-10-31T13:28:15.867805,ETHUSDT,1m,21,,75,Overbought Reversal,2,0.931986977,0.465993489,50,-0.035507958,ranging,0.000409824,-9.68E-06,999,2025-10-30T17:49:00,2025-10-31T10:27:00
2025-10-31T13:28:15.884764,ETHUSDT,1m,21,,80,Overbought Reversal,1,0.967494935,0.967494935,100,0,ranging,0.000409824,-9.68E-06,999,2025-10-30T17:49:00,2025-10-31T10:27:00
2025-10-31T13:28:15.910123,ETHUSDT,1m,21,,85,Overbought Reversal,1,0.967494935,0.967494935,100,0,ranging,0.000409824,-9.68E-06,999,2025-10-30T17:49:00,2025-10-31T10:27:00
2025-10-31T13:28:15.956998,ETHUSDT,1m,21,,,Trend-follow RSI,50,-2.27137125,-0.045427425,14,-2.139603771,ranging,0.000409824,-9.68E-06,999,2025-10-30T17:49:00,2025-10-31T10:27:00
2025-10-31T13:28:15.998314,ETHUSDT,4h,7,30,,Mean Reversion,19,-12.61174341,-0.663775969,52.63157895,-14.78184448,volatile,0.011309152,-0.000110717,999,2025-05-18T00:00:00,2025-10-31T08:00:00
2025-10-31T13:28:16.025241,ETHUSDT,4h,7,25,,Mean Reversion,11,-10.29473588,-0.93588508,45.45454545,-15.6148445,volatile,0.011309152,-0.000110717,999,2025-05-18T00:00:00,2025-10-31T08:00:00
2025-10-31T13:28:16.047182,ETHUSDT,4h,7,20,,Mean Reversion,9,7.173752865,0.797083652,77.77777778,-8.105216119,volatile,0.011309152,-0.000110717,999,2025-05-18T00:00:00,2025-10-31T08:00:00
2025-10-31T13:28:16.070206,ETHUSDT,4h,7,15,,Mean Reversion,5,4.311922665,0.862384533,80,-4.037554431,volatile,0.011309152,-0.000110717,999,2025-05-18T00:00:00,2025-10-31T08:00:00
2025-10-31T13:28:16.134109,ETHUSDT,4h,7,,70,Overbought Reversal,30,-11.9243518,-0.397478393,70,-35.39483654,volatile,0.011309152,-0.000110717,999,2025-05-18T00:00:00,2025-10-31T08:00:00
2025-10-31T13:28:16.218051,ETHUSDT,4h,7,,75,Overbought Reversal,22,-12.67004186,-0.575910994,63.63636364,-35.15589309,volatile,0.011309152,-0.000110717,999,2025-05-18T00:00:00,2025-10-31T08:00:00
2025-10-31T13:28:16.265921,ETHUSDT,4h,7,,80,Overbought Reversal,17,-1.290712549,-0.075924268,64.70588235,-21.54026916,volatile,0.011309152,-0.000110717,999,2025-05-18T00:00:00,2025-10-31T08:00:00
2025-10-31T13:28:16.313327,ETHUSDT,4h,7,,85,Overbought Reversal,9,-11.80912548,-1.312125054,44.44444444,-21.68536872,volatile,0.011309152,-0.000110717,999,2025-05-18T00:00:00,2025-10-31T08:00:00
2025-10-31T13:28:16.390671,ETHUSDT,4h,7,,,Trend-follow RSI,85,-21.63102012,-0.25448259,20,-27.22382771,volatile,0.011309152,-0.000110717,999,2025-05-18T00:00:00,2025-10-31T08:00:00
2025-10-31T13:28:16.435052,ETHUSDT,4h,14,30,,Mean Reversion,6,12.46932748,2.078221247,83.33333333,-3.802019104,volatile,0.011309152,-0.000110717,999,2025-05-18T00:00:00,2025-10-31T08:00:00
2025-10-31T13:28:16.463475,ETHUSDT,4h,14,25,,Mean Reversion,5,20.78544548,4.157089095,80,-1.221449046,volatile,0.011309152,-0.000110717,999,2025-05-18T00:00:00,2025-10-31T08:00:00
2025-10-31T13:28:16.495629,ETHUSDT,4h,14,20,,Mean Reversion,3,17.9309503,5.976983433,66.66666667,-0.943653417,volatile,0.011309152,-0.000110717,999,2025-05-18T00:00:00,2025-10-31T08:00:00
2025-10-31T13:28:16.526951,ETHUSDT,4h,14,15,,Mean Reversion,1,6.912109355,6.912109355,100,0,volatile,0.011309152,-0.000110717,999,2025-05-18T00:00:00,2025-10-31T08:00:00
2025-10-31T13:28:16.548486,ETHUSDT,4h,14,,70,Overbought Reversal,9,-31.32468518,-3.480520576,55.55555556,-40.87696946,volatile,0.011309152,-0.000110717,999,2025-05-18T00:00:00,2025-10-31T08:00:00
2025-10-31T13:28:16.573419,ETHUSDT,4h,14,,75,Overbought Reversal,7,-29.07224609,-4.153178013,57.14285714,-38.00949568,volatile,0.011309152,-0.000110717,999,2025-05-18T00:00:00,2025-10-31T08:00:00
2025-10-31T13:28:16.603339,ETHUSDT,4h,14,,80,Overbought Reversal,5,-26.19281543,-5.238563086,40,-33.37529489,volatile,0.011309152,-0.000110717,999,2025-05-18T00:00:00,2025-10-31T08:00:00
2025-10-31T13:28:16.626278,ETHUSDT,4h,14,,85,Overbought Reversal,2,-19.44987343,-9.724936715,50,-23.4788855,volatile,0.011309152,-0.000110717,999,2025-05-18T00:00:00,2025-10-31T08:00:00
2025-10-31T13:28:16.674150,ETHUSDT,4h,14,,,Trend-follow RSI,55,-25.18329482,-0.457878088,25.45454545,-28.81925812,volatile,0.011309152,-0.000110717,999,2025-05-18T00:00:00,2025-10-31T08:00:00
2025-10-31T13:28:16.699415,ETHUSDT,4h,21,30,,Mean Reversion,4,17.64782738,4.411956845,75,-1.221449046,volatile,0.011309152,-0.000110717,999,2025-05-18T00:00:00,2025-10-31T08:00:00
2025-10-31T13:28:16.730338,ETHUSDT,4h,21,25,,Mean Reversion,2,9.275611403,4.637805701,100,0,volatile,0.011309152,-0.000110717,999,2025-05-18T00:00:00,2025-10-31T08:00:00
2025-10-31T13:28:16.754352,ETHUSDT,4h,21,20,,Mean Reversion,0,0,0,0,0,volatile,0.011309152,-0.000110717,999,2025-05-18T00:00:00,2025-10-31T08:00:00
2025-10-31T13:28:16.768230,ETHUSDT,4h,21,15,,Mean Reversion,0,0,0,0,0,volatile,0.011309152,-0.000110717,999,2025-05-18T00:00:00,2025-10-31T08:00:00
2025-10-31T13:28:16.789342,ETHUSDT,4h,21,,70,Overbought Reversal,6,-24.38065472,-4.063442454,66.66666667,-35.60780872,volatile,0.011309152,-0.000110717,999,2025-05-18T00:00:00,2025-10-31T08:00:00
2025-10-31T13:28:16.811289,ETHUSDT,4h,21,,75,Overbought Reversal,3,-20.74845139,-6.916150463,33.33333333,-24.1368713,volatile,0.011309152,-0.000110717,999,2025-05-18T00:00:00,2025-10-31T08:00:00
2025-10-31T13:28:16.831233,ETHUSDT,4h,21,,80,Overbought Reversal,2,-17.81601163,-8.908005813,50,-21.8450237,volatile,0.011309152,-0.000110717,999,2025-05-18T00:00:00,2025-10-31T08:00:00
2025-10-31T13:28:24.258813,EURJPY,1m,7,,80,Overbought Reversal,71,-0.361637449,-0.005093485,56.33802817,-0.619540134,ranging,9.59E-05,1.61E-06,9155,2025-10-22T23:01:00+00:00,2025-10-31T10:28:00+00:00
2025-10-31T13:28:24.561306,EURJPY,1m,7,,85,Overbought Reversal,39,-0.404453878,-0.010370612,56.41025641,-0.570533275,ranging,9.59E-05,1.61E-06,9155,2025-10-22T23:01:00+00:00,2025-10-31T10:28:00+00:00
2025-10-31T13:28:25.220966,EURJPY,1m,7,,,Trend-follow RSI,845,-1.663319484,-0.001968425,24.61538462,-1.868623839,ranging,9.59E-05,1.61E-06,9155,2025-10-22T23:01:00+00:00,2025-10-31T10:28:00+00:00
2025-10-31T13:28:25.398088,EURJPY,1m,14,30,,Mean Reversion,55,0.625457146,0.011371948,70.90909091,-0.156307289,ranging,9.59E-05,1.61E-06,9155,2025-10-22T23:01:00+00:00,2025-10-31T10:28:00+00:00
2025-10-31T13:28:25.506793,EURJPY,1m,14,25,,Mean Reversion,30,0.466340378,0.015544679,73.33333333,-0.142734546,ranging,9.59E-05,1.61E-06,9155,2025-10-22T23:01:00+00:00,2025-10-31T10:28:00+00:00
2025-10-31T13:28:25.645388,EURJPY,1m,14,20,,Mean Reversion,15,0.329266877,0.021951125,73.33333333,-0.071117709,ranging,9.59E-05,1.61E-06,9155,2025-10-22T23:01:00+00:00,2025-10-31T10:28:00+00:00
2025-10-31T13:28:25.746158,EURJPY,1m,14,15,,Mean Reversion,1,0.031095308,0.031095308,100,0,ranging,9.59E-05,1.61E-06,9155,2025-10-22T23:01:00+00:00,2025-10-31T10:28:00+00:00
2025-10-31T13:28:25.938929,EURJPY,1m,14,,70,Overbought Reversal,57,-0.145591266,-0.002554233,54.38596491,-0.450976564,ranging,9.59E-05,1.61E-06,9155,2025-10-22T23:01:00+00:00,2025-10-31T10:28:00+00:00
2025-10-31T13:28:26.128404,EURJPY,1m,14,,75,Overbought Reversal,27,-0.213806075,-0.007918744,51.85185185,-0.338176497,ranging,9.59E-05,1.61E-06,9155,2025-10-22T23:01:00+00:00,2025-10-31T10:28:00+00:00
2025-10-31T13:28:26.326775,EURJPY,1m,14,,80,Overbought Reversal,8,-0.146699007,-0.018337376,50,-0.21740041,ranging,9.59E-05,1.61E-06,9155,2025-10-22T23:01:00+00:00,2025-10-31T10:28:00+00:00
2025-10-31T13:28:26.427076,EURJPY,1m,14,,85,Overbought Reversal,5,0.070494996,0.014098999,80,-0.012922457,ranging,9.59E-05,1.61E-06,9155,2025-10-22T23:01:00+00:00,2025-10-31T10:28:00+00:00
2025-10-31T13:29:05.187962,SOLUSDT,1h,7,30,,Mean Reversion,22,-18.02722413,-0.819419279,63.63636364,-17.50870982,trending,0.010354751,-0.001793949,999,2025-09-19T20:00:00,2025-10-31T10:00:00
2025-10-31T13:29:05.244030,SOLUSDT,1h,7,25,,Mean Reversion,16,-15.44512167,-0.965320105,56.25,-15.20258209,trending,0.010354751,-0.001793949,999,2025-09-19T20:00:00,2025-10-31T10:00:00
2025-10-31T13:29:05.322819,SOLUSDT,1h,7,20,,Mean Reversion,12,-4.232442191,-0.352703516,66.66666667,-14.03311375,trending,0.010354751,-0.001793949,999,2025-09-19T20:00:00,2025-10-31T10:00:00
2025-10-31T13:29:05.364707,SOLUSDT,1h,7,15,,Mean Reversion,2,-14.1134447,-7.056722351,0,-8.499288762,trending,0.010354751,-0.001793949,999,2025-09-19T20:00:00,2025-10-31T10:00:00
2025-10-31T13:29:05.409734,SOLUSDT,1h,7,,70,Overbought Reversal,24,3.518797401,0.146616558,66.66666667,-6.510085163,trending,0.010354751,-0.001793949,999,2025-09-19T20:00:00,2025-10-31T10:00:00
2025-10-31T13:29:05.447483,SOLUSDT,1h,7,,75,Overbought Reversal,16,7.992644345,0.499540272,68.75,-4.198835664,trending,0.010354751,-0.001793949,999,2025-09-19T20:00:00,2025-10-31T10:00:00
2025-10-31T13:29:05.481392,SOLUSDT,1h,7,,80,Overbought Reversal,10,5.796393316,0.579639332,60,-2.154038765,trending,0.010354751,-0.001793949,999,2025-09-19T20:00:00,2025-10-31T10:00:00
2025-10-31T13:29:05.515303,SOLUSDT,1h,7,,85,Overbought Reversal,4,3.902627679,0.97565692,100,0,trending,0.010354751,-0.001793949,999,2025-09-19T20:00:00,2025-10-31T10:00:00
2025-10-31T13:29:05.606799,SOLUSDT,1h,7,,,Trend-follow RSI,86,6.322381622,0.073516065,24.41860465,-17.3514331,trending,0.010354751,-0.001793949,999,2025-09-19T20:00:00,2025-10-31T10:00:00
2025-10-31T13:29:05.642223,SOLUSDT,1h,14,30,,Mean Reversion,8,-4.470769498,-0.558846187,50,-11.47231798,trending,0.010354751,-0.001793949,999,2025-09-19T20:00:00,2025-10-31T10:00:00
2025-10-31T13:29:05.666158,SOLUSDT,1h,14,25,,Mean Reversion,3,-6.877854208,-2.292618069,33.33333333,-5.359682991,trending,0.010354751,-0.001793949,999,2025-09-19T20:00:00,2025-10-31T10:00:00
2025-10-31T13:29:05.684109,SOLUSDT,1h,14,20,,Mean Reversion,2,-7.146352034,-3.573176017,0,-5.359682991,trending,0.010354751,-0.001793949,999,2025-09-19T20:00:00,2025-10-31T10:00:00
2025-10-31T13:29:05.706051,SOLUSDT,1h,14,15,,Mean Reversion,1,-1.13570026,-1.13570026,0,0,trending,0.010354751,-0.001793949,999,2025-09-19T20:00:00,2025-10-31T10:00:00
2025-10-31T13:29:05.730019,SOLUSDT,1h,14,,70,Overbought Reversal,9,8.891861458,0.987984606,66.66666667,-4.56753689,trending,0.010354751,-0.001793949,999,2025-09-19T20:00:00,2025-10-31T10:00:00
2025-10-31T13:29:05.746505,SOLUSDT,1h,14,,75,Overbought Reversal,4,5.410365437,1.352591359,75,0,trending,0.010354751,-0.001793949,999,2025-09-19T20:00:00,2025-10-31T10:00:00
2025-10-31T13:29:05.761431,SOLUSDT,1h,14,,80,Overbought Reversal,1,-0.037753261,-0.037753261,0,0,trending,0.010354751,-0.001793949,999,2025-09-19T20:00:00,2025-10-31T10:00:00
2025-10-31T13:29:05.782426,SOLUSDT,1h,14,,85,Overbought Reversal,1,-0.037753261,-0.037753261,0,0,trending,0.010354751,-0.001793949,999,2025-09-19T20:00:00,2025-10-31T10:00:00
2025-10-31T13:29:05.827421,SOLUSDT,1h,14,,,Trend-follow RSI,56,12.73811312,0.227466306,21.42857143,-15.12242011,trending,0.010354751,-0.001793949,999,2025-09-19T20:00:00,2025-10-31T10:00:00
2025-10-31T13:29:05.854179,SOLUSDT,1h,21,30,,Mean Reversion,2,-15.84459343,-7.922296716,0,-5.359682991,trending,0.010354751,-0.001793949,999,2025-09-19T20:00:00,2025-10-31T10:00:00
2025-10-31T13:29:05.871134,SOLUSDT,1h,21,25,,Mean Reversion,2,-14.58989752,-7.294948761,0,-5.359682991,trending,0.010354751,-0.001793949,999,2025-09-19T20:00:00,2025-10-31T10:00:00
2025-10-31T13:29:05.897102,SOLUSDT,1h,21,20,,Mean Reversion,1,-1.13570026,-1.13570026,0,0,trending,0.010354751,-0.001793949,999,2025-09-19T20:00:00,2025-10-31T10:00:00
2025-10-31T13:29:05.915016,SOLUSDT,1h,21,15,,Mean Reversion,0,0,0,0,0,trending,0.010354751,-0.001793949,999,2025-09-19T20:00:00,2025-10-31T10:00:00
2025-10-31T13:29:05.946474,SOLUSDT,1h,21,,70,Overbought Reversal,4,7.202019465,1.800504866,100,0,trending,0.010354751,-0.001793949,999,2025-09-19T20:00:00,2025-10-31T10:00:00
2025-10-31T13:29:05.972436,SOLUSDT,1h,21,,75,Overbought Reversal,1,0.935441923,0.935441923,100,0,trending,0.010354751,-0.001793949,999,2025-09-19T20:00:00,2025-10-31T10:00:00
2025-10-31T13:29:06.003321,SOLUSDT,1h,21,,80,Overbought Reversal,1,0.935441923,0.935441923,100,0,trending,0.010354751,-0.001793949,999,2025-09-19T20:00:00,2025-10-31T10:00:00
2025-10-31T13:29:06.025261,SOLUSDT,1h,21,,85,Overbought Reversal,1,0.935441923,0.935441923,100,0,trending,0.010354751,-0.001793949,999,2025-09-19T20:00:00,2025-10-31T10:00:00
2025-10-31T13:29:06.078116,SOLUSDT,1h,21,,,Trend-follow RSI,49,6.961295567,0.142067256,16.32653061,-14.56932566,trending,0.010354751,-0.001793949,999,2025-09-19T20:00:00,2025-10-31T10:00:00
2025-10-31T13:29:06.125990,SOLUSDT,1m,7,30,,Mean Reversion,24,2.511238965,0.104634957,79.16666667,-0.646227354,ranging,0.000622062,-2.04E-05,999,2025-10-30T17:49:00,2025-10-31T10:27:00
2025-10-31T13:29:06.153915,SOLUSDT,1m,7,25,,Mean Reversion,15,1.438663671,0.095910911,80,-0.522943764,ranging,0.000622062,-2.04E-05,999,2025-10-30T17:49:00,2025-10-31T10:27:00
2025-10-31T13:29:06.188821,SOLUSDT,1m,7,20,,Mean Reversion,6,0.696230474,0.116038412,66.66666667,-0.350866825,ranging,0.000622062,-2.04E-05,999,2025-10-30T17:49:00,2025-10-31T10:27:00
2025-10-31T13:29:06.223725,SOLUSDT,1m,7,15,,Mean Reversion,3,0.075519352,0.025173117,33.33333333,-0.048769914,ranging,0.000622062,-2.04E-05,999,2025-10-30T17:49:00,2025-10-31T10:27:00
2025-10-31T13:29:06.312488,SOLUSDT,1m,7,,70,Overbought Reversal,31,2.932284812,0.094589833,70.96774194,-0.377193088,ranging,0.000622062,-2.04E-05,999,2025-10-30T17:49:00,2025-10-31T10:27:00
2025-10-31T13:29:06.365379,SOLUSDT,1m,7,,75,Overbought Reversal,18,2.34389567,0.130216426,88.88888889,-0.123949127,ranging,0.000622062,-2.04E-05,999,2025-10-30T17:49:00,2025-10-31T10:27:00
2025-10-31T13:29:06.414922,SOLUSDT,1m,7,,80,Overbought Reversal,8,1.260013773,0.157501722,87.5,-0.043077917,ranging,0.000622062,-2.04E-05,999,2025-10-30T17:49:00,2025-10-31T10:27:00
2025-10-31T13:29:06.448126,SOLUSDT,1m,7,,85,Overbought Reversal,5,1.621902267,0.324380453,100,0,ranging,0.000622062,-2.04E-05,999,2025-10-30T17:49:00,2025-10-31T10:27:00
2025-10-31T13:29:06.552840,SOLUSDT,1m,7,,,Trend-follow RSI,97,-2.412419076,-0.0248703,24.74226804,-3.524443677,ranging,0.000622062,-2.04E-05,999,2025-10-30T17:49:00,2025-10-31T10:27:00
2025-10-31T13:29:06.604097,SOLUSDT,1m,14,30,,Mean Reversion,5,1.262650167,0.252530033,100,0,ranging,0.000622062,-2.04E-05,999,2025-10-30T17:49:00,2025-10-31T10:27:00
2025-10-31T13:29:06.640997,SOLUSDT,1m,14,25,,Mean Reversion,3,0.985360448,0.328453483,100,0,ranging,0.000622062,-2.04E-05,999,2025-10-30T17:49:00,2025-10-31T10:27:00
2025-10-31T13:29:13.309757,SPY,4h,21,,70,Overbought Reversal,1,-3.674606031,-3.674606031,0,0,trending,0.005367604,0.00053144,119,2025-08-07T17:30:00+00:00,2025-10-30T17:30:00+00:00
2025-10-31T13:29:13.330714,SPY,4h,21,,75,Overbought Reversal,1,-3.674606031,-3.674606031,0,0,trending,0.005367604,0.00053144,119,2025-08-07T17:30:00+00:00,2025-10-30T17:30:00+00:00
2025-10-31T13:29:13.340675,SPY,4h,21,,80,Overbought Reversal,1,-3.674606031,-3.674606031,0,0,trending,0.005367604,0.00053144,119,2025-08-07T17:30:00+00:00,2025-10-30T17:30:00+00:00
2025-10-31T13:29:13.352279,SPY,4h,21,,85,Overbought Reversal,1,-3.674606031,-3.674606031,0,0,trending,0.005367604,0.00053144,119,2025-08-07T17:30:00+00:00,2025-10-30T17:30:00+00:00
2025-10-31T13:29:13.374651,SPY,4h,21,,,Trend-follow RSI,3,-1.492096878,-0.497365626,0,-0.983476535,trending,0.005367604,0.00053144,119,2025-08-07T17:30:00+00:00,2025-10-30T17:30:00+00:00
2025-10-31T13:29:13.536150,SPY,5m,7,30,,Mean Reversion,108,5.754859153,0.053285733,78.7037037,-1.57097732,ranging,0.000518283,-0.000120589,4679,2025-08-07T13:35:00+00:00,2025-10-30T19:55:00+00:00
2025-10-31T13:29:13.633885,SPY,5m,7,25,,Mean Reversion,69,3.014568098,0.043689393,73.91304348,-1.577083809,ranging,0.000518283,-0.000120589,4679,2025-08-07T13:35:00+00:00,2025-10-30T19:55:00+00:00
2025-10-31T13:29:13.744720,SPY,5m,7,20,,Mean Reversion,35,2.773470986,0.079242028,65.71428571,-1.746756124,ranging,0.000518283,-0.000120589,4679,2025-08-07T13:35:00+00:00,2025-10-30T19:55:00+00:00
2025-10-31T13:29:13.845317,SPY,5m,7,15,,Mean Reversion,26,2.618834051,0.100724387,69.23076923,-0.935418444,ranging,0.000518283,-0.000120589,4679,2025-08-07T13:35:00+00:00,2025-10-30T19:55:00+00:00
2025-10-31T13:29:13.951068,SPY,5m,7,,70,Overbought Reversal,107,-4.033102757,-0.037692549,57.00934579,-4.714833787,ranging,0.000518283,-0.000120589,4679,2025-08-07T13:35:00+00:00,2025-10-30T19:55:00+00:00
2025-10-31T13:29:14.044829,SPY,5m,7,,75,Overbought Reversal,80,-2.232022105,-0.027900276,61.25,-3.034440884,ranging,0.000518283,-0.000120589,4679,2025-08-07T13:35:00+00:00,2025-10-30T19:55:00+00:00
2025-10-31T13:29:14.127608,SPY,5m,7,,80,Overbought Reversal,57,-1.304335943,-0.022883087,66.66666667,-2.384541467,ranging,0.000518283,-0.000120589,4679,2025-08-07T13:35:00+00:00,2025-10-30T19:55:00+00:00
2025-10-31T13:29:14.196968,SPY,5m,7,,85,Overbought Reversal,27,-1.195200091,-0.04426667,55.55555556,-1.830063473,ranging,0.000518283,-0.000120589,4679,2025-08-07T13:35:00+00:00,2025-10-30T19:55:00+00:00
2025-10-31T13:29:14.557494,SPY,5m,7,,,Trend-follow RSI,379,-5.653384622,-0.014916582,24.01055409,-6.614456527,ranging,0.000518283,-0.000120589,4679,2025-08-07T13:35:00+00:00,2025-10-30T19:55:00+00:00
2025-10-31T13:29:14.668570,SPY,5m,14,30,,Mean Reversion,25,0.665210209,0.026608408,56,-1.308204785,ranging,0.000518283,-0.000120589,4679,2025-08-07T13:35:00+00:00,2025-10-30T19:55:00+00:00
2025-10-31T13:29:14.770134,SPY,5m,14,25,,Mean Reversion,21,2.130747059,0.101464146,76.19047619,-0.795782003,ranging,0.000518283,-0.000120589,4679,2025-08-07T13:35:00+00:00,2025-10-30T19:55:00+00:00
2025-10-31T13:29:14.927915,SPY,5m,14,20,,Mean Reversion,11,0.415022125,0.037729284,72.72727273,-0.752560979,ranging,0.000518283,-0.000120589,4679,2025-08-07T13:35:00+00:00,2025-10-30T19:55:00+00:00
2025-10-31T13:29:15.018882,SPY,5m,14,15,,Mean Reversion,3,-0.202891449,-0.067630483,66.66666667,0,ranging,0.000518283,-0.000120589,4679,2025-08-07T13:35:00+00:00,2025-10-30T19:55:00+00:00
2025-10-31T13:29:15.125172,SPY,5m,14,,70,Overbought Reversal,35,-2.580047922,-0.073715655,54.28571429,-3.092118251,ranging,0.000518283,-0.000120589,4679,2025-08-07T13:35:00+00:00,2025-10-30T19:55:00+00:00
2025-10-31T13:29:24.586817,WTIUSD,1m,21,20,,Mean Reversion,2,-0.300830894,-0.150415447,50,-0.577752193,ranging,0.000488127,-5.83E-05,7111,2025-10-24T04:01:00+00:00,2025-10-31T10:18:00+00:00
2025-10-31T13:29:24.728959,WTIUSD,1m,21,15,,Mean Reversion,1,-0.116085731,-0.116085731,0,0,ranging,0.000488127,-5.83E-05,7111,2025-10-24T04:01:00+00:00,2025-10-31T10:18:00+00:00
2025-10-31T13:29:24.844647,WTIUSD,1m,21,,70,Overbought Reversal,18,0.096813457,0.005378525,61.11111111,-0.532237042,ranging,0.000488127,-5.83E-05,7111,2025-10-24T04:01:00+00:00,2025-10-31T10:18:00+00:00
2025-10-31T13:29:24.921960,WTIUSD,1m,21,,75,Overbought Reversal,10,1.243332056,0.124333206,60,-0.193220973,ranging,0.000488127,-5.83E-05,7111,2025-10-24T04:01:00+00:00,2025-10-31T10:18:00+00:00
2025-10-31T13:29:25.000787,WTIUSD,1m,21,,80,Overbought Reversal,3,0.565442038,0.188480679,66.66666667,0,ranging,0.000488127,-5.83E-05,7111,2025-10-24T04:01:00+00:00,2025-10-31T10:18:00+00:00
2025-10-31T13:29:25.080535,WTIUSD,1m,21,,85,Overbought Reversal,2,0.661287816,0.330643908,50,0,ranging,0.000488127,-5.83E-05,7111,2025-10-24T04:01:00+00:00,2025-10-31T10:18:00+00:00
2025-10-31T13:29:25.414119,WTIUSD,1m,21,,,Trend-follow RSI,351,-3.223249275,-0.009183046,17.94871795,-5.02100804,ranging,0.000488127,-5.83E-05,7111,2025-10-24T04:01:00+00:00,2025-10-31T10:18:00+00:00
2025-10-31T13:29:25.523824,WTIUSD,4h,7,30,,Mean Reversion,8,-2.470965876,-0.308870734,62.5,-5.67230864,volatile,0.006374215,0.000495527,296,2025-08-22T08:00:00+00:00,2025-10-31T08:00:00+00:00
2025-10-31T13:29:25.545768,WTIUSD,4h,7,25,,Mean Reversion,7,0.274212826,0.039173261,57.14285714,-4.890752808,volatile,0.006374215,0.000495527,296,2025-08-22T08:00:00+00:00,2025-10-31T08:00:00+00:00
2025-10-31T13:29:25.563717,WTIUSD,4h,7,20,,Mean Reversion,4,2.031479739,0.507869935,50,-1.274604573,volatile,0.006374215,0.000495527,296,2025-08-22T08:00:00+00:00,2025-10-31T08:00:00+00:00
2025-10-31T13:29:25.600651,WTIUSD,4h,7,15,,Mean Reversion,2,2.577652148,1.288826074,50,-0.152723828,volatile,0.006374215,0.000495527,296,2025-08-22T08:00:00+00:00,2025-10-31T08:00:00+00:00
2025-10-31T13:29:25.627578,WTIUSD,4h,7,,70,Overbought Reversal,7,-2.282842345,-0.326120335,57.14285714,-6.040859374,volatile,0.006374215,0.000495527,296,2025-08-22T08:00:00+00:00,2025-10-31T08:00:00+00:00
2025-10-31T13:29:25.655505,WTIUSD,4h,7,,75,Overbought Reversal,7,0.710346467,0.101478067,57.14285714,-4.527659315,volatile,0.006374215,0.000495527,296,2025-08-22T08:00:00+00:00,2025-10-31T08:00:00+00:00
2025-10-31T13:29:25.671460,WTIUSD,4h,7,,80,Overbought Reversal,3,-4.929592196,-1.643197399,0,-4.896392266,volatile,0.006374215,0.000495527,296,2025-08-22T08:00:00+00:00,2025-10-31T08:00:00+00:00
2025-10-31T13:29:25.684470,WTIUSD,4h,7,,85,Overbought Reversal,2,-3.416960026,-1.708480013,0,-3.401246807,volatile,0.006374215,0.000495527,296,2025-08-22T08:00:00+00:00,2025-10-31T08:00:00+00:00
2025-10-31T13:29:25.710719,WTIUSD,4h,7,,,Trend-follow RSI,21,5.826128967,0.277434713,28.57142857,-5.204824293,volatile,0.006374215,0.000495527,296,2025-08-22T08:00:00+00:00,2025-10-31T08:00:00+00:00
2025-10-31T13:29:25.743630,WTIUSD,4h,14,30,,Mean Reversion,3,2.483946407,0.827982136,66.66666667,-1.696928551,volatile,0.006374215,0.000495527,296,2025-08-22T08:00:00+00:00,2025-10-31T08:00:00+00:00
2025-10-31T13:29:25.757594,WTIUSD,4h,14,25,,Mean Reversion,1,-1.696928551,-1.696928551,0,0,volatile,0.006374215,0.000495527,296,2025-08-22T08:00:00+00:00,2025-10-31T08:00:00+00:00
2025-10-31T13:29:25.777540,WTIUSD,4h,14,20,,Mean Reversion,0,0,0,0,0,volatile,0.006374215,0.000495527,296,2025-08-22T08:00:00+00:00,2025-10-31T08:00:00+00:00
2025-10-31T13:29:25.793498,WTIUSD,4h,14,15,,Mean Reversion,0,0,0,0,0,volatile,0.006374215,0.000495527,296,2025-08-22T08:00:00+00:00,2025-10-31T08:00:00+00:00
2025-10-31T13:29:25.807969,WTIUSD,4h,14,,70,Overbought Reversal,4,2.69401691,0.673504228,50,-0.782422546,volatile,0.006374215,0.000495527,296,2025-08-22T08:00:00+00:00,2025-10-31T08:00:00+00:00
2025-10-31T13:29:25.821838,WTIUSD,4h,14,,75,Overbought Reversal,2,-0.563797983,-0.281898991,0,-0.548084763,volatile,0.006374215,0.000495527,296,2025-08-22T08:00:00+00:00,2025-10-31T08:00:00+00:00
2025-10-31T13:29:25.843780,WTIUSD,4h,14,,80,Overbought Reversal,2,1.689107749,0.844553875,50,0,volatile,0.006374215,0.000495527,296,2025-08-22T08:00:00+00:00,2025-10-31T08:00:00+00:00
2025-10-31T13:29:25.864724,WTIUSD,4h,14,,85,Overbought Reversal,1,-0.015713219,-0.015713219,0,0,volatile,0.006374215,0.000495527,296,2025-08-22T08:00:00+00:00,2025-10-31T08:00:00+00:00
2025-10-31T13:29:25.895641,WTIUSD,4h,14,,,Trend-follow RSI,16,4.824407541,0.301525471,25,-4.11383599,volatile,0.006374215,0.000495527,296,2025-08-22T08:00:00+00:00,2025-10-31T08:00:00+00:00
2025-10-31T13:29:25.925860,WTIUSD,4h,21,30,,Mean Reversion,1,-1.018154541,-1.018154541,0,0,volatile,0.006374215,0.000495527,296,2025-08-22T08:00:00+00:00,2025-10-31T08:00:00+00:00
2025-10-31T13:29:25.937556,WTIUSD,4h,21,25,,Mean Reversion,0,0,0,0,0,volatile,0.006374215,0.000495527,296,2025-08-22T08:00:00+00:00,2025-10-31T08:00:00+00:00
2025-10-31T13:29:25.945535,WTIUSD,4h,21,20,,Mean Reversion,0,0,0,0,0,volatile,0.006374215,0.000495527,296,2025-08-22T08:00:00+00:00,2025-10-31T08:00:00+00:00
2025-10-31T13:29:25.954511,WTIUSD,4h,21,15,,Mean Reversion,0,0,0,0,0,volatile,0.006374215,0.000495527,296,2025-08-22T08:00:00+00:00,2025-10-31T08:00:00+00:00
2025-10-31T13:29:25.966480,WTIUSD,4h,21,,70,Overbought Reversal,2,3.419732036,1.709866018,100,0,volatile,0.006374215,0.000495527,296,2025-08-22T08:00:00+00:00,2025-10-31T08:00:00+00:00
2025-10-31T13:29:25.976453,WTIUSD,4h,21,,75,Overbought Reversal,1,0.675782332,0.675782332,100,0,volatile,0.006374215,0.000495527,296,2025-08-22T08:00:00+00:00,2025-10-31T08:00:00+00:00
2025-10-31T13:29:25.986426,WTIUSD,4h,21,,80,Overbought Reversal,1,0.675782332,0.675782332,100,0,volatile,0.006374215,0.000495527,296,2025-08-22T08:00:00+00:00,2025-10-31T08:00:00+00:00
2025-10-31T13:29:26.002896,WTIUSD,4h,21,,85,Overbought Reversal,1,0.675782332,0.675782332,100,0,volatile,0.006374215,0.000495527,296,2025-08-22T08:00:00+00:00,2025-10-31T08:00:00+00:00
2025-10-31T13:29:26.021882,WTIUSD,4h,21,,,Trend-follow RSI,15,3.189723235,0.212648216,20,-2.10342964,volatile,0.006374215,0.000495527,296,2025-08-22T08:00:00+00:00,2025-10-31T08:00:00+00:00
2025-10-31T13:29:26.360546,WTIUSD,5m,7,30,,Mean Reversion,304,6.130107945,0.020164829,65.46052632,-2.78325306,ranging,0.001105063,-1.84E-05,12673,2025-08-22T04:05:00+00:00,2025-10-31T10:15:00+00:00
2025-10-31T13:29:26.722631,WTIUSD,5m,7,25,,Mean Reversion,193,1.331543258,0.006899188,63.21243523,-4.265785858,ranging,0.001105063,-1.84E-05,12673,2025-08-22T04:05:00+00:00,2025-10-31T10:15:00+00:00
2025-10-31T13:29:27.009195,WTIUSD,5m,7,20,,Mean Reversion,129,5.470003026,0.042403124,65.89147287,-2.056775765,ranging,0.001105063,-1.84E-05,12673,2025-08-22T04:05:00+00:00,2025-10-31T10:15:00+00:00
2025-10-31T13:29:27.193792,WTIUSD,5m,7,15,,Mean Reversion,69,4.113734402,0.059619339,72.46376812,-1.613931268,ranging,0.001105063,-1.84E-05,12673,2025-08-22T04:05:00+00:00,2025-10-31T10:15:00+00:00
2025-10-31T13:29:27.451219,WTIUSD,5m,7,,70,Overbought Reversal,282,9.173225008,0.032529167,68.43971631,-5.005817744,ranging,0.001105063,-1.84E-05,12673,2025-08-22T04:05:00+00:00,2025-10-31T10:15:00+00:00
2025-10-31T13:29:37.087730,XAUUSD1,5m,21,,75,Overbought Reversal,8,2.246360029,0.280795004,75,-1.220626373,ranging,0.001535014,-0.000103559,4461,2025-08-22T04:15:00+00:00,2025-10-31T10:15:00+00:00
2025-10-31T13:29:37.140621,XAUUSD1,5m,21,,80,Overbought Reversal,2,0.843383994,0.421691997,50,0,ranging,0.001535014,-0.000103559,4461,2025-08-22T04:15:00+00:00,2025-10-31T10:15:00+00:00
2025-10-31T13:29:37.191484,XAUUSD1,5m,21,,85,Overbought Reversal,1,0.664876695,0.664876695,100,0,ranging,0.001535014,-0.000103559,4461,2025-08-22T04:15:00+00:00,2025-10-31T10:15:00+00:00
2025-10-31T13:29:37.361030,XAUUSD1,5m,21,,,Trend-follow RSI,184,15.06809528,0.081891822,27.7173913,-2.261402905,ranging,0.001535014,-0.000103559,4461,2025-08-22T04:15:00+00:00,2025-10-31T10:15:00+00:00
2025-10-31T13:29:37.417844,XAUUSD,1h,7,30,,Mean Reversion,22,1.347115203,0.061232509,77.27272727,-4.198990836,ranging,0.003499589,0.000149427,1117,2025-08-22T05:00:00+00:00,2025-10-31T10:00:00+00:00
2025-10-31T13:29:37.443949,XAUUSD,1h,7,25,,Mean Reversion,18,5.826736108,0.323707562,83.33333333,-3.036037474,ranging,0.003499589,0.000149427,1117,2025-08-22T05:00:00+00:00,2025-10-31T10:00:00+00:00
2025-10-31T13:29:37.474321,XAUUSD,1h,7,20,,Mean Reversion,11,4.21704805,0.383368005,81.81818182,-1.768710251,ranging,0.003499589,0.000149427,1117,2025-08-22T05:00:00+00:00,2025-10-31T10:00:00+00:00
2025-10-31T13:29:37.505272,XAUUSD,1h,7,15,,Mean Reversion,2,-0.424126978,-0.212063489,50,0,ranging,0.003499589,0.000149427,1117,2025-08-22T05:00:00+00:00,2025-10-31T10:00:00+00:00
2025-10-31T13:29:37.531201,XAUUSD,1h,7,,70,Overbought Reversal,28,-11.65218194,-0.416149355,50,-13.78366187,ranging,0.003499589,0.000149427,1117,2025-08-22T05:00:00+00:00,2025-10-31T10:00:00+00:00
2025-10-31T13:29:37.562085,XAUUSD,1h,7,,75,Overbought Reversal,24,-10.25425199,-0.4272605,50,-11.79812349,ranging,0.003499589,0.000149427,1117,2025-08-22T05:00:00+00:00,2025-10-31T10:00:00+00:00
2025-10-31T13:29:37.592037,XAUUSD,1h,7,,80,Overbought Reversal,16,-6.980207389,-0.436262962,43.75,-8.128574118,ranging,0.003499589,0.000149427,1117,2025-08-22T05:00:00+00:00,2025-10-31T10:00:00+00:00
2025-10-31T13:29:37.618967,XAUUSD,1h,7,,85,Overbought Reversal,10,-3.828361302,-0.38283613,30,-4.294551697,ranging,0.003499589,0.000149427,1117,2025-08-22T05:00:00+00:00,2025-10-31T10:00:00+00:00
2025-10-31T13:29:37.685677,XAUUSD,1h,7,,,Trend-follow RSI,83,-1.695930631,-0.020432899,22.89156627,-7.28194239,ranging,0.003499589,0.000149427,1117,2025-08-22T05:00:00+00:00,2025-10-31T10:00:00+00:00
2025-10-31T13:29:37.717590,XAUUSD,1h,14,30,,Mean Reversion,5,-0.507620638,-0.101524128,60,-2.779752197,ranging,0.003499589,0.000149427,1117,2025-08-22T05:00:00+00:00,2025-10-31T10:00:00+00:00
2025-10-31T13:29:37.737533,XAUUSD,1h,14,25,,Mean Reversion,2,1.184975105,0.592487552,50,0,ranging,0.003499589,0.000149427,1117,2025-08-22T05:00:00+00:00,2025-10-31T10:00:00+00:00
2025-10-31T13:29:37.757481,XAUUSD,1h,14,20,,Mean Reversion,1,-0.116364549,-0.116364549,0,0,ranging,0.003499589,0.000149427,1117,2025-08-22T05:00:00+00:00,2025-10-31T10:00:00+00:00
2025-10-31T13:29:37.790391,XAUUSD,1h,14,15,,Mean Reversion,0,0,0,0,0,ranging,0.003499589,0.000149427,1117,2025-08-22T05:00:00+00:00,2025-10-31T10:00:00+00:00
2025-10-31T13:29:37.832278,XAUUSD,1h,14,,70,Overbought Reversal,11,-10.20881502,-0.928074093,36.36363636,-9.309956145,ranging,0.003499589,0.000149427,1117,2025-08-22T05:00:00+00:00,2025-10-31T10:00:00+00:00
